date,close
2015-01-01,103.18
2015-01-02,103.11
2015-01-03,103.04
2015-01-04,102.97
2015-01-05,102.9
2015-01-06,102.83
2015-01-07,102.761
2015-01-08,102.691
2015-01-09,102.621
2015-01-10,102.552
2015-01-11,102.482
2015-01-12,102.412
2015-01-13,102.343
2015-01-14,102.273
2015-01-15,102.204
2015-01-16,102.135
2015-01-17,102.065
2015-01-18,101.996
2015-01-19,101.927
2015-01-20,101.858
2015-01-21,101.789
2015-01-22,101.72
2015-01-23,101.651
2015-01-24,101.582
2015-01-25,101.513
2015-01-26,101.444
2015-01-27,101.375
2015-01-28,101.306
2015-01-29,101.237
2015-01-30,101.169
2015-01-31,101.1
2015-02-01,101.352
2015-02-02,101.605
2015-02-03,101.858
2015-02-04,102.112
2015-02-05,102.367
2015-02-06,102.622
2015-02-07,102.878
2015-02-08,103.134
2015-02-09,103.391
2015-02-10,103.649
2015-02-11,103.907
2015-02-12,104.166
2015-02-13,104.426
2015-02-14,104.686
2015-02-15,104.947
2015-02-16,105.209
2015-02-17,105.471
2015-02-18,105.734
2015-02-19,105.998
2015-02-20,106.262
2015-02-21,106.527
2015-02-22,106.793
2015-02-23,107.059
2015-02-24,107.326
2015-02-25,107.593
2015-02-26,107.862
2015-02-27,108.13
2015-02-28,108.4
2015-03-01,108.309
2015-03-02,108.217
2015-03-03,108.126
2015-03-04,108.035
2015-03-05,107.943
2015-03-06,107.852
2015-03-07,107.761
2015-03-08,107.67
2015-03-09,107.58
2015-03-10,107.489
2015-03-11,107.398
2015-03-12,107.307
2015-03-13,107.217
2015-03-14,107.126
2015-03-15,107.036
2015-03-16,106.946
2015-03-17,106.855
2015-03-18,106.765
2015-03-19,106.675
2015-03-20,106.585
2015-03-21,106.495
2015-03-22,106.405
2015-03-23,106.316
2015-03-24,106.226
2015-03-25,106.136
2015-03-26,106.047
2015-03-27,105.957
2015-03-28,105.868
2015-03-29,105.778
2015-03-30,105.689
2015-03-31,105.6
2015-04-01,105.667
2015-04-02,105.734
2015-04-03,105.801
2015-04-04,105.868
2015-04-05,105.936
2015-04-06,106.003
2015-04-07,106.07
2015-04-08,106.138
2015-04-09,106.205
2015-04-10,106.272
2015-04-11,106.34
2015-04-12,106.407
2015-04-13,106.475
2015-04-14,106.543
2015-04-15,106.61
2015-04-16,106.678
2015-04-17,106.746
2015-04-18,106.813
2015-04-19,106.881
2015-04-20,106.949
2015-04-21,107.017
2015-04-22,107.085
2015-04-23,107.153
2015-04-24,107.221
2015-04-25,107.289
2015-04-26,107.357
2015-04-27,107.425
2015-04-28,107.493
2015-04-29,107.562
2015-04-30,107.63
2015-05-01,107.707
2015-05-02,107.785
2015-05-03,107.862
2015-05-04,107.939
2015-05-05,108.017
2015-05-06,108.094
2015-05-07,108.172
2015-05-08,108.249
2015-05-09,108.327
2015-05-10,108.405
2015-05-11,108.483
2015-05-12,108.56
2015-05-13,108.638
2015-05-14,108.716
2015-05-15,108.794
2015-05-16,108.872
2015-05-17,108.95
2015-05-18,109.029
2015-05-19,109.107
2015-05-20,109.185
2015-05-21,109.263
2015-05-22,109.342
2015-05-23,109.42
2015-05-24,109.499
2015-05-25,109.577
2015-05-26,109.656
2015-05-27,109.735
2015-05-28,109.813
2015-05-29,109.892
2015-05-30,109.971
2015-05-31,110.05
2015-06-01,109.949
2015-06-02,109.849
2015-06-03,109.748
2015-06-04,109.648
2015-06-05,109.548
2015-06-06,109.447
2015-06-07,109.347
2015-06-08,109.247
2015-06-09,109.147
2015-06-10,109.048
2015-06-11,108.948
2015-06-12,108.848
2015-06-13,108.749
2015-06-14,108.649
2015-06-15,108.55
2015-06-16,108.45
2015-06-17,108.351
2015-06-18,108.252
2015-06-19,108.153
2015-06-20,108.054
2015-06-21,107.955
2015-06-22,107.857
2015-06-23,107.758
2015-06-24,107.659
2015-06-25,107.561
2015-06-26,107.463
2015-06-27,107.364
2015-06-28,107.266
2015-06-29,107.168
2015-06-30,107.07
2015-07-01,107.224
2015-07-02,107.378
2015-07-03,107.533
2015-07-04,107.688
2015-07-05,107.842
2015-07-06,107.998
2015-07-07,108.153
2015-07-08,108.309
2015-07-09,108.464
2015-07-10,108.62
2015-07-11,108.777
2015-07-12,108.933
2015-07-13,109.09
2015-07-14,109.247
2015-07-15,109.404
2015-07-16,109.562
2015-07-17,109.719
2015-07-18,109.877
2015-07-19,110.035
2015-07-20,110.193
2015-07-21,110.352
2015-07-22,110.511
2015-07-23,110.67
2015-07-24,110.829
2015-07-25,110.988
2015-07-26,111.148
2015-07-27,111.308
2015-07-28,111.468
2015-07-29,111.629
2015-07-30,111.789
2015-07-31,111.95
2015-08-01,111.695
2015-08-02,111.441
2015-08-03,111.187
2015-08-04,110.934
2015-08-05,110.681
2015-08-06,110.429
2015-08-07,110.177
2015-08-08,109.926
2015-08-09,109.676
2015-08-10,109.426
2015-08-11,109.177
2015-08-12,108.928
2015-08-13,108.68
2015-08-14,108.433
2015-08-15,108.186
2015-08-16,107.939
2015-08-17,107.694
2015-08-18,107.448
2015-08-19,107.204
2015-08-20,106.959
2015-08-21,106.716
2015-08-22,106.473
2015-08-23,106.23
2015-08-24,105.988
2015-08-25,105.747
2015-08-26,105.506
2015-08-27,105.266
2015-08-28,105.026
2015-08-29,104.787
2015-08-30,104.548
2015-08-31,104.31
2015-09-01,104.224
2015-09-02,104.138
2015-09-03,104.052
2015-09-04,103.966
2015-09-05,103.881
2015-09-06,103.795
2015-09-07,103.709
2015-09-08,103.624
2015-09-09,103.538
2015-09-10,103.453
2015-09-11,103.368
2015-09-12,103.282
2015-09-13,103.197
2015-09-14,103.112
2015-09-15,103.027
2015-09-16,102.942
2015-09-17,102.857
2015-09-18,102.772
2015-09-19,102.688
2015-09-20,102.603
2015-09-21,102.518
2015-09-22,102.434
2015-09-23,102.349
2015-09-24,102.265
2015-09-25,102.181
2015-09-26,102.096
2015-09-27,102.012
2015-09-28,101.928
2015-09-29,101.844
2015-09-30,101.76
2015-10-01,102.114
2015-10-02,102.469
2015-10-03,102.826
2015-10-04,103.184
2015-10-05,103.543
2015-10-06,103.903
2015-10-07,104.265
2015-10-08,104.628
2015-10-09,104.992
2015-10-10,105.357
2015-10-11,105.724
2015-10-12,106.092
2015-10-13,106.461
2015-10-14,106.831
2015-10-15,107.203
2015-10-16,107.576
2015-10-17,107.95
2015-10-18,108.326
2015-10-19,108.703
2015-10-20,109.081
2015-10-21,109.461
2015-10-22,109.842
2015-10-23,110.224
2015-10-24,110.607
2015-10-25,110.992
2015-10-26,111.379
2015-10-27,111.766
2015-10-28,112.155
2015-10-29,112.545
2015-10-30,112.937
2015-10-31,113.33
2015-11-01,113.353
2015-11-02,113.376
2015-11-03,113.399
2015-11-04,113.422
2015-11-05,113.445
2015-11-06,113.468
2015-11-07,113.491
2015-11-08,113.514
2015-11-09,113.537
2015-11-10,113.56
2015-11-11,113.583
2015-11-12,113.605
2015-11-13,113.628
2015-11-14,113.651
2015-11-15,113.674
2015-11-16,113.697
2015-11-17,113.72
2015-11-18,113.743
2015-11-19,113.767
2015-11-20,113.79
2015-11-21,113.813
2015-11-22,113.836
2015-11-23,113.859
2015-11-24,113.882
2015-11-25,113.905
2015-11-26,113.928
2015-11-27,113.951
2015-11-28,113.974
2015-11-29,113.997
2015-11-30,114.02
2015-12-01,113.95
2015-12-02,113.879
2015-12-03,113.809
2015-12-04,113.739
2015-12-05,113.669
2015-12-06,113.599
2015-12-07,113.529
2015-12-08,113.459
2015-12-09,113.389
2015-12-10,113.319
2015-12-11,113.249
2015-12-12,113.179
2015-12-13,113.109
2015-12-14,113.039
2015-12-15,112.97
2015-12-16,112.9
2015-12-17,112.83
2015-12-18,112.761
2015-12-19,112.691
2015-12-20,112.622
2015-12-21,112.552
2015-12-22,112.483
2015-12-23,112.413
2015-12-24,112.344
2015-12-25,112.275
2015-12-26,112.206
2015-12-27,112.136
2015-12-28,112.067
2015-12-29,111.998
2015-12-30,111.929
2015-12-31,111.86
2016-01-01,111.602
2016-01-02,111.344
2016-01-03,111.088
2016-01-04,110.831
2016-01-05,110.575
2016-01-06,110.32
2016-01-07,110.066
2016-01-08,109.812
2016-01-09,109.559
2016-01-10,109.306
2016-01-11,109.054
2016-01-12,108.802
2016-01-13,108.551
2016-01-14,108.3
2016-01-15,108.051
2016-01-16,107.801
2016-01-17,107.553
2016-01-18,107.304
2016-01-19,107.057
2016-01-20,106.81
2016-01-21,106.563
2016-01-22,106.317
2016-01-23,106.072
2016-01-24,105.827
2016-01-25,105.583
2016-01-26,105.34
2016-01-27,105.097
2016-01-28,104.854
2016-01-29,104.612
2016-01-30,104.371
2016-01-31,104.13
2016-02-01,104.073
2016-02-02,104.017
2016-02-03,103.96
2016-02-04,103.904
2016-02-05,103.847
2016-02-06,103.791
2016-02-07,103.734
2016-02-08,103.678
2016-02-09,103.621
2016-02-10,103.565
2016-02-11,103.509
2016-02-12,103.452
2016-02-13,103.396
2016-02-14,103.34
2016-02-15,103.284
2016-02-16,103.228
2016-02-17,103.171
2016-02-18,103.115
2016-02-19,103.059
2016-02-20,103.003
2016-02-21,102.947
2016-02-22,102.891
2016-02-23,102.835
2016-02-24,102.779
2016-02-25,102.723
2016-02-26,102.667
2016-02-27,102.612
2016-02-28,102.556
2016-02-29,102.5
2016-03-01,102.71
2016-03-02,102.92
2016-03-03,103.13
2016-03-04,103.341
2016-03-05,103.552
2016-03-06,103.764
2016-03-07,103.976
2016-03-08,104.189
2016-03-09,104.402
2016-03-10,104.615
2016-03-11,104.829
2016-03-12,105.043
2016-03-13,105.258
2016-03-14,105.473
2016-03-15,105.689
2016-03-16,105.905
2016-03-17,106.122
2016-03-18,106.339
2016-03-19,106.556
2016-03-20,106.774
2016-03-21,106.992
2016-03-22,107.211
2016-03-23,107.43
2016-03-24,107.65
2016-03-25,107.87
2016-03-26,108.09
2016-03-27,108.311
2016-03-28,108.533
2016-03-29,108.755
2016-03-30,108.977
2016-03-31,109.2
2016-04-01,109.082
2016-04-02,108.964
2016-04-03,108.847
2016-04-04,108.729
2016-04-05,108.612
2016-04-06,108.495
2016-04-07,108.378
2016-04-08,108.261
2016-04-09,108.144
2016-04-10,108.027
2016-04-11,107.911
2016-04-12,107.794
2016-04-13,107.678
2016-04-14,107.562
2016-04-15,107.446
2016-04-16,107.33
2016-04-17,107.214
2016-04-18,107.098
2016-04-19,106.983
2016-04-20,106.867
2016-04-21,106.752
2016-04-22,106.637
2016-04-23,106.522
2016-04-24,106.407
2016-04-25,106.292
2016-04-26,106.178
2016-04-27,106.063
2016-04-28,105.949
2016-04-29,105.834
2016-04-30,105.72
2016-05-01,105.866
2016-05-02,106.012
2016-05-03,106.159
2016-05-04,106.305
2016-05-05,106.452
2016-05-06,106.599
2016-05-07,106.746
2016-05-08,106.893
2016-05-09,107.041
2016-05-10,107.189
2016-05-11,107.337
2016-05-12,107.485
2016-05-13,107.633
2016-05-14,107.782
2016-05-15,107.931
2016-05-16,108.08
2016-05-17,108.229
2016-05-18,108.378
2016-05-19,108.528
2016-05-20,108.678
2016-05-21,108.828
2016-05-22,108.978
2016-05-23,109.129
2016-05-24,109.279
2016-05-25,109.43
2016-05-26,109.581
2016-05-27,109.733
2016-05-28,109.884
2016-05-29,110.036
2016-05-30,110.188
2016-05-31,110.34
2016-06-01,110.246
2016-06-02,110.151
2016-06-03,110.057
2016-06-04,109.962
2016-06-05,109.868
2016-06-06,109.774
2016-06-07,109.68
2016-06-08,109.586
2016-06-09,109.492
2016-06-10,109.399
2016-06-11,109.305
2016-06-12,109.211
2016-06-13,109.118
2016-06-14,109.024
2016-06-15,108.931
2016-06-16,108.838
2016-06-17,108.745
2016-06-18,108.651
2016-06-19,108.558
2016-06-20,108.465
2016-06-21,108.372
2016-06-22,108.28
2016-06-23,108.187
2016-06-24,108.094
2016-06-25,108.002
2016-06-26,107.909
2016-06-27,107.817
2016-06-28,107.724
2016-06-29,107.632
2016-06-30,107.54
2016-07-01,107.78
2016-07-02,108.02
2016-07-03,108.261
2016-07-04,108.503
2016-07-05,108.745
2016-07-06,108.987
2016-07-07,109.23
2016-07-08,109.474
2016-07-09,109.718
2016-07-10,109.963
2016-07-11,110.208
2016-07-12,110.454
2016-07-13,110.7
2016-07-14,110.947
2016-07-15,111.195
2016-07-16,111.443
2016-07-17,111.691
2016-07-18,111.94
2016-07-19,112.19
2016-07-20,112.44
2016-07-21,112.691
2016-07-22,112.942
2016-07-23,113.194
2016-07-24,113.447
2016-07-25,113.7
2016-07-26,113.953
2016-07-27,114.208
2016-07-28,114.462
2016-07-29,114.718
2016-07-30,114.974
2016-07-31,115.23
2016-08-01,115.269
2016-08-02,115.308
2016-08-03,115.347
2016-08-04,115.385
2016-08-05,115.424
2016-08-06,115.463
2016-08-07,115.502
2016-08-08,115.541
2016-08-09,115.58
2016-08-10,115.619
2016-08-11,115.658
2016-08-12,115.697
2016-08-13,115.736
2016-08-14,115.775
2016-08-15,115.814
2016-08-16,115.853
2016-08-17,115.892
2016-08-18,115.931
2016-08-19,115.97
2016-08-20,116.009
2016-08-21,116.048
2016-08-22,116.087
2016-08-23,116.127
2016-08-24,116.166
2016-08-25,116.205
2016-08-26,116.244
2016-08-27,116.283
2016-08-28,116.322
2016-08-29,116.362
2016-08-30,116.401
2016-08-31,116.44
2016-09-01,116.515
2016-09-02,116.591
2016-09-03,116.666
2016-09-04,116.741
2016-09-05,116.817
2016-09-06,116.892
2016-09-07,116.968
2016-09-08,117.044
2016-09-09,117.119
2016-09-10,117.195
2016-09-11,117.271
2016-09-12,117.347
2016-09-13,117.423
2016-09-14,117.498
2016-09-15,117.574
2016-09-16,117.65
2016-09-17,117.727
2016-09-18,117.803
2016-09-19,117.879
2016-09-20,117.955
2016-09-21,118.031
2016-09-22,118.108
2016-09-23,118.184
2016-09-24,118.26
2016-09-25,118.337
2016-09-26,118.413
2016-09-27,118.49
2016-09-28,118.567
2016-09-29,118.643
2016-09-30,118.72
2016-10-01,118.664
2016-10-02,118.608
2016-10-03,118.551
2016-10-04,118.495
2016-10-05,118.439
2016-10-06,118.383
2016-10-07,118.327
2016-10-08,118.271
2016-10-09,118.215
2016-10-10,118.159
2016-10-11,118.103
2016-10-12,118.047
2016-10-13,117.991
2016-10-14,117.936
2016-10-15,117.88
2016-10-16,117.824
2016-10-17,117.768
2016-10-18,117.712
2016-10-19,117.657
2016-10-20,117.601
2016-10-21,117.545
2016-10-22,117.49
2016-10-23,117.434
2016-10-24,117.378
2016-10-25,117.323
2016-10-26,117.267
2016-10-27,117.212
2016-10-28,117.156
2016-10-29,117.101
2016-10-30,117.045
2016-10-31,116.99
2016-11-01,117.007
2016-11-02,117.024
2016-11-03,117.041
2016-11-04,117.058
2016-11-05,117.075
2016-11-06,117.092
2016-11-07,117.109
2016-11-08,117.126
2016-11-09,117.143
2016-11-10,117.16
2016-11-11,117.177
2016-11-12,117.194
2016-11-13,117.211
2016-11-14,117.228
2016-11-15,117.245
2016-11-16,117.262
2016-11-17,117.279
2016-11-18,117.296
2016-11-19,117.313
2016-11-20,117.33
2016-11-21,117.347
2016-11-22,117.364
2016-11-23,117.381
2016-11-24,117.398
2016-11-25,117.415
2016-11-26,117.432
2016-11-27,117.449
2016-11-28,117.466
2016-11-29,117.483
2016-11-30,117.5
2016-12-01,117.531
2016-12-02,117.563
2016-12-03,117.594
2016-12-04,117.626
2016-12-05,117.658
2016-12-06,117.689
2016-12-07,117.721
2016-12-08,117.752
2016-12-09,117.784
2016-12-10,117.815
2016-12-11,117.847
2016-12-12,117.878
2016-12-13,117.91
2016-12-14,117.942
2016-12-15,117.973
2016-12-16,118.005
2016-12-17,118.036
2016-12-18,118.068
2016-12-19,118.1
2016-12-20,118.131
2016-12-21,118.163
2016-12-22,118.195
2016-12-23,118.226
2016-12-24,118.258
2016-12-25,118.29
2016-12-26,118.321
2016-12-27,118.353
2016-12-28,118.385
2016-12-29,118.417
2016-12-30,118.448
2016-12-31,118.48
2017-01-01,118.672
2017-01-02,118.864
2017-01-03,119.056
2017-01-04,119.249
2017-01-05,119.442
2017-01-06,119.635
2017-01-07,119.829
2017-01-08,120.023
2017-01-09,120.217
2017-01-10,120.411
2017-01-11,120.606
2017-01-12,120.801
2017-01-13,120.997
2017-01-14,121.193
2017-01-15,121.389
2017-01-16,121.585
2017-01-17,121.782
2017-01-18,121.979
2017-01-19,122.176
2017-01-20,122.374
2017-01-21,122.572
2017-01-22,122.77
2017-01-23,122.969
2017-01-24,123.168
2017-01-25,123.367
2017-01-26,123.567
2017-01-27,123.767
2017-01-28,123.967
2017-01-29,124.168
2017-01-30,124.369
2017-01-31,124.57
2017-02-01,124.761
2017-02-02,124.952
2017-02-03,125.143
2017-02-04,125.334
2017-02-05,125.526
2017-02-06,125.718
2017-02-07,125.911
2017-02-08,126.103
2017-02-09,126.296
2017-02-10,126.49
2017-02-11,126.683
2017-02-12,126.877
2017-02-13,127.071
2017-02-14,127.266
2017-02-15,127.461
2017-02-16,127.656
2017-02-17,127.851
2017-02-18,128.047
2017-02-19,128.243
2017-02-20,128.439
2017-02-21,128.636
2017-02-22,128.832
2017-02-23,129.03
2017-02-24,129.227
2017-02-25,129.425
2017-02-26,129.623
2017-02-27,129.821
2017-02-28,130.02
2017-03-01,130.095
2017-03-02,130.171
2017-03-03,130.247
2017-03-04,130.322
2017-03-05,130.398
2017-03-06,130.473
2017-03-07,130.549
2017-03-08,130.625
2017-03-09,130.701
2017-03-10,130.777
2017-03-11,130.853
2017-03-12,130.929
2017-03-13,131.005
2017-03-14,131.081
2017-03-15,131.157
2017-03-16,131.233
2017-03-17,131.309
2017-03-18,131.385
2017-03-19,131.461
2017-03-20,131.538
2017-03-21,131.614
2017-03-22,131.69
2017-03-23,131.767
2017-03-24,131.843
2017-03-25,131.92
2017-03-26,131.996
2017-03-27,132.073
2017-03-28,132.15
2017-03-29,132.226
2017-03-30,132.303
2017-03-31,132.38
2017-04-01,132.499
2017-04-02,132.618
2017-04-03,132.737
2017-04-04,132.856
2017-04-05,132.975
2017-04-06,133.094
2017-04-07,133.214
2017-04-08,133.333
2017-04-09,133.453
2017-04-10,133.573
2017-04-11,133.692
2017-04-12,133.812
2017-04-13,133.932
2017-04-14,134.053
2017-04-15,134.173
2017-04-16,134.293
2017-04-17,134.414
2017-04-18,134.534
2017-04-19,134.655
2017-04-20,134.776
2017-04-21,134.897
2017-04-22,135.018
2017-04-23,135.139
2017-04-24,135.26
2017-04-25,135.382
2017-04-26,135.503
2017-04-27,135.625
2017-04-28,135.746
2017-04-29,135.868
2017-04-30,135.99
2017-05-01,136.158
2017-05-02,136.326
2017-05-03,136.494
2017-05-04,136.663
2017-05-05,136.831
2017-05-06,137
2017-05-07,137.169
2017-05-08,137.338
2017-05-09,137.508
2017-05-10,137.678
2017-05-11,137.847
2017-05-12,138.018
2017-05-13,138.188
2017-05-14,138.358
2017-05-15,138.529
2017-05-16,138.7
2017-05-17,138.871
2017-05-18,139.043
2017-05-19,139.214
2017-05-20,139.386
2017-05-21,139.558
2017-05-22,139.73
2017-05-23,139.903
2017-05-24,140.075
2017-05-25,140.248
2017-05-26,140.421
2017-05-27,140.595
2017-05-28,140.768
2017-05-29,140.942
2017-05-30,141.116
2017-05-31,141.29
2017-06-01,141.167
2017-06-02,141.044
2017-06-03,140.921
2017-06-04,140.798
2017-06-05,140.675
2017-06-06,140.552
2017-06-07,140.43
2017-06-08,140.307
2017-06-09,140.185
2017-06-10,140.063
2017-06-11,139.941
2017-06-12,139.819
2017-06-13,139.697
2017-06-14,139.575
2017-06-15,139.453
2017-06-16,139.331
2017-06-17,139.21
2017-06-18,139.089
2017-06-19,138.967
2017-06-20,138.846
2017-06-21,138.725
2017-06-22,138.604
2017-06-23,138.483
2017-06-24,138.362
2017-06-25,138.242
2017-06-26,138.121
2017-06-27,138.001
2017-06-28,137.88
2017-06-29,137.76
2017-06-30,137.64
2017-07-01,137.817
2017-07-02,137.994
2017-07-03,138.171
2017-07-04,138.349
2017-07-05,138.527
2017-07-06,138.705
2017-07-07,138.883
2017-07-08,139.061
2017-07-09,139.24
2017-07-10,139.419
2017-07-11,139.598
2017-07-12,139.778
2017-07-13,139.957
2017-07-14,140.137
2017-07-15,140.317
2017-07-16,140.497
2017-07-17,140.678
2017-07-18,140.859
2017-07-19,141.04
2017-07-20,141.221
2017-07-21,141.402
2017-07-22,141.584
2017-07-23,141.766
2017-07-24,141.948
2017-07-25,142.131
2017-07-26,142.313
2017-07-27,142.496
2017-07-28,142.679
2017-07-29,142.863
2017-07-30,143.046
2017-07-31,143.23
2017-08-01,143.325
2017-08-02,143.42
2017-08-03,143.515
2017-08-04,143.61
2017-08-05,143.705
2017-08-06,143.8
2017-08-07,143.895
2017-08-08,143.991
2017-08-09,144.086
2017-08-10,144.181
2017-08-11,144.277
2017-08-12,144.372
2017-08-13,144.468
2017-08-14,144.564
2017-08-15,144.659
2017-08-16,144.755
2017-08-17,144.851
2017-08-18,144.947
2017-08-19,145.043
2017-08-20,145.139
2017-08-21,145.235
2017-08-22,145.331
2017-08-23,145.428
2017-08-24,145.524
2017-08-25,145.62
2017-08-26,145.717
2017-08-27,145.813
2017-08-28,145.91
2017-08-29,146.007
2017-08-30,146.103
2017-08-31,146.2
2017-09-01,146.175
2017-09-02,146.15
2017-09-03,146.125
2017-09-04,146.1
2017-09-05,146.075
2017-09-06,146.05
2017-09-07,146.025
2017-09-08,146
2017-09-09,145.975
2017-09-10,145.95
2017-09-11,145.925
2017-09-12,145.9
2017-09-13,145.875
2017-09-14,145.85
2017-09-15,145.825
2017-09-16,145.8
2017-09-17,145.775
2017-09-18,145.75
2017-09-19,145.725
2017-09-20,145.7
2017-09-21,145.675
2017-09-22,145.65
2017-09-23,145.625
2017-09-24,145.6
2017-09-25,145.575
2017-09-26,145.55
2017-09-27,145.525
2017-09-28,145.5
2017-09-29,145.475
2017-09-30,145.45
2017-10-01,145.661
2017-10-02,145.873
2017-10-03,146.085
2017-10-04,146.298
2017-10-05,146.51
2017-10-06,146.723
2017-10-07,146.937
2017-10-08,147.15
2017-10-09,147.364
2017-10-10,147.578
2017-10-11,147.793
2017-10-12,148.008
2017-10-13,148.223
2017-10-14,148.438
2017-10-15,148.654
2017-10-16,148.87
2017-10-17,149.087
2017-10-18,149.304
2017-10-19,149.521
2017-10-20,149.738
2017-10-21,149.956
2017-10-22,150.174
2017-10-23,150.392
2017-10-24,150.611
2017-10-25,150.83
2017-10-26,151.049
2017-10-27,151.268
2017-10-28,151.488
2017-10-29,151.709
2017-10-30,151.929
2017-10-31,152.15
2017-11-01,152.249
2017-11-02,152.348
2017-11-03,152.447
2017-11-04,152.547
2017-11-05,152.646
2017-11-06,152.745
2017-11-07,152.845
2017-11-08,152.944
2017-11-09,153.044
2017-11-10,153.143
2017-11-11,153.243
2017-11-12,153.343
2017-11-13,153.443
2017-11-14,153.543
2017-11-15,153.643
2017-11-16,153.743
2017-11-17,153.843
2017-11-18,153.943
2017-11-19,154.043
2017-11-20,154.143
2017-11-21,154.244
2017-11-22,154.344
2017-11-23,154.445
2017-11-24,154.545
2017-11-25,154.646
2017-11-26,154.747
2017-11-27,154.847
2017-11-28,154.948
2017-11-29,155.049
2017-11-30,155.15
2017-12-01,155.17
2017-12-02,155.189
2017-12-03,155.209
2017-12-04,155.229
2017-12-05,155.248
2017-12-06,155.268
2017-12-07,155.288
2017-12-08,155.307
2017-12-09,155.327
2017-12-10,155.347
2017-12-11,155.366
2017-12-12,155.386
2017-12-13,155.406
2017-12-14,155.425
2017-12-15,155.445
2017-12-16,155.465
2017-12-17,155.484
2017-12-18,155.504
2017-12-19,155.524
2017-12-20,155.543
2017-12-21,155.563
2017-12-22,155.583
2017-12-23,155.602
2017-12-24,155.622
2017-12-25,155.642
2017-12-26,155.661
2017-12-27,155.681
2017-12-28,155.701
2017-12-29,155.721
2017-12-30,155.74
2017-12-31,155.76
2018-01-01,156.182
2018-01-02,156.606
2018-01-03,157.031
2018-01-04,157.456
2018-01-05,157.883
2018-01-06,158.311
2018-01-07,158.741
2018-01-08,159.171
2018-01-09,159.603
2018-01-10,160.036
2018-01-11,160.469
2018-01-12,160.905
2018-01-13,161.341
2018-01-14,161.778
2018-01-15,162.217
2018-01-16,162.657
2018-01-17,163.098
2018-01-18,163.54
2018-01-19,163.984
2018-01-20,164.428
2018-01-21,164.874
2018-01-22,165.321
2018-01-23,165.77
2018-01-24,166.219
2018-01-25,166.67
2018-01-26,167.122
2018-01-27,167.575
2018-01-28,168.029
2018-01-29,168.485
2018-01-30,168.942
2018-01-31,169.4
2018-02-01,169.321
2018-02-02,169.243
2018-02-03,169.164
2018-02-04,169.085
2018-02-05,169.007
2018-02-06,168.928
2018-02-07,168.85
2018-02-08,168.771
2018-02-09,168.693
2018-02-10,168.615
2018-02-11,168.536
2018-02-12,168.458
2018-02-13,168.38
2018-02-14,168.301
2018-02-15,168.223
2018-02-16,168.145
2018-02-17,168.067
2018-02-18,167.989
2018-02-19,167.911
2018-02-20,167.833
2018-02-21,167.755
2018-02-22,167.677
2018-02-23,167.599
2018-02-24,167.521
2018-02-25,167.443
2018-02-26,167.365
2018-02-27,167.288
2018-02-28,167.21
2018-03-01,166.977
2018-03-02,166.744
2018-03-03,166.511
2018-03-04,166.279
2018-03-05,166.047
2018-03-06,165.816
2018-03-07,165.584
2018-03-08,165.353
2018-03-09,165.123
2018-03-10,164.893
2018-03-11,164.663
2018-03-12,164.433
2018-03-13,164.204
2018-03-14,163.975
2018-03-15,163.746
2018-03-16,163.518
2018-03-17,163.29
2018-03-18,163.062
2018-03-19,162.834
2018-03-20,162.607
2018-03-21,162.38
2018-03-22,162.154
2018-03-23,161.928
2018-03-24,161.702
2018-03-25,161.477
2018-03-26,161.251
2018-03-27,161.026
2018-03-28,160.802
2018-03-29,160.578
2018-03-30,160.354
2018-03-31,160.13
2018-04-01,160.157
2018-04-02,160.184
2018-04-03,160.211
2018-04-04,160.238
2018-04-05,160.265
2018-04-06,160.292
2018-04-07,160.319
2018-04-08,160.346
2018-04-09,160.373
2018-04-10,160.4
2018-04-11,160.427
2018-04-12,160.454
2018-04-13,160.48
2018-04-14,160.507
2018-04-15,160.534
2018-04-16,160.561
2018-04-17,160.588
2018-04-18,160.616
2018-04-19,160.643
2018-04-20,160.67
2018-04-21,160.697
2018-04-22,160.724
2018-04-23,160.751
2018-04-24,160.778
2018-04-25,160.805
2018-04-26,160.832
2018-04-27,160.859
2018-04-28,160.886
2018-04-29,160.913
2018-04-30,160.94
2018-05-01,161.227
2018-05-02,161.514
2018-05-03,161.802
2018-05-04,162.09
2018-05-05,162.379
2018-05-06,162.668
2018-05-07,162.958
2018-05-08,163.248
2018-05-09,163.539
2018-05-10,163.83
2018-05-11,164.122
2018-05-12,164.415
2018-05-13,164.707
2018-05-14,165.001
2018-05-15,165.295
2018-05-16,165.589
2018-05-17,165.884
2018-05-18,166.18
2018-05-19,166.476
2018-05-20,166.773
2018-05-21,167.07
2018-05-22,167.367
2018-05-23,167.665
2018-05-24,167.964
2018-05-25,168.263
2018-05-26,168.563
2018-05-27,168.863
2018-05-28,169.164
2018-05-29,169.466
2018-05-30,169.768
2018-05-31,170.07
2018-06-01,170.122
2018-06-02,170.175
2018-06-03,170.227
2018-06-04,170.28
2018-06-05,170.332
2018-06-06,170.385
2018-06-07,170.437
2018-06-08,170.49
2018-06-09,170.542
2018-06-10,170.595
2018-06-11,170.648
2018-06-12,170.7
2018-06-13,170.753
2018-06-14,170.806
2018-06-15,170.858
2018-06-16,170.911
2018-06-17,170.964
2018-06-18,171.016
2018-06-19,171.069
2018-06-20,171.122
2018-06-21,171.174
2018-06-22,171.227
2018-06-23,171.28
2018-06-24,171.333
2018-06-25,171.386
2018-06-26,171.438
2018-06-27,171.491
2018-06-28,171.544
2018-06-29,171.597
2018-06-30,171.65
2018-07-01,171.803
2018-07-02,171.956
2018-07-03,172.109
2018-07-04,172.262
2018-07-05,172.415
2018-07-06,172.569
2018-07-07,172.722
2018-07-08,172.876
2018-07-09,173.03
2018-07-10,173.184
2018-07-11,173.338
2018-07-12,173.492
2018-07-13,173.647
2018-07-14,173.801
2018-07-15,173.956
2018-07-16,174.111
2018-07-17,174.266
2018-07-18,174.421
2018-07-19,174.576
2018-07-20,174.732
2018-07-21,174.887
2018-07-22,175.043
2018-07-23,175.199
2018-07-24,175.355
2018-07-25,175.511
2018-07-26,175.667
2018-07-27,175.823
2018-07-28,175.98
2018-07-29,176.136
2018-07-30,176.293
2018-07-31,176.45
2018-08-01,176.77
2018-08-02,177.091
2018-08-03,177.412
2018-08-04,177.734
2018-08-05,178.057
2018-08-06,178.38
2018-08-07,178.703
2018-08-08,179.028
2018-08-09,179.352
2018-08-10,179.678
2018-08-11,180.004
2018-08-12,180.331
2018-08-13,180.658
2018-08-14,180.986
2018-08-15,181.314
2018-08-16,181.643
2018-08-17,181.973
2018-08-18,182.303
2018-08-19,182.633
2018-08-20,182.965
2018-08-21,183.297
2018-08-22,183.629
2018-08-23,183.963
2018-08-24,184.296
2018-08-25,184.631
2018-08-26,184.966
2018-08-27,185.301
2018-08-28,185.638
2018-08-29,185.974
2018-08-30,186.312
2018-08-31,186.65
2018-09-01,186.621
2018-09-02,186.593
2018-09-03,186.564
2018-09-04,186.535
2018-09-05,186.506
2018-09-06,186.478
2018-09-07,186.449
2018-09-08,186.42
2018-09-09,186.392
2018-09-10,186.363
2018-09-11,186.334
2018-09-12,186.306
2018-09-13,186.277
2018-09-14,186.248
2018-09-15,186.22
2018-09-16,186.191
2018-09-17,186.162
2018-09-18,186.134
2018-09-19,186.105
2018-09-20,186.076
2018-09-21,186.048
2018-09-22,186.019
2018-09-23,185.99
2018-09-24,185.962
2018-09-25,185.933
2018-09-26,185.904
2018-09-27,185.876
2018-09-28,185.847
2018-09-29,185.819
2018-09-30,185.79
2018-10-01,185.252
2018-10-02,184.716
2018-10-03,184.181
2018-10-04,183.648
2018-10-05,183.116
2018-10-06,182.586
2018-10-07,182.057
2018-10-08,181.53
2018-10-09,181.005
2018-10-10,180.481
2018-10-11,179.958
2018-10-12,179.437
2018-10-13,178.918
2018-10-14,178.4
2018-10-15,177.883
2018-10-16,177.368
2018-10-17,176.855
2018-10-18,176.343
2018-10-19,175.832
2018-10-20,175.323
2018-10-21,174.816
2018-10-22,174.31
2018-10-23,173.805
2018-10-24,173.302
2018-10-25,172.8
2018-10-26,172.3
2018-10-27,171.801
2018-10-28,171.304
2018-10-29,170.808
2018-10-30,170.313
2018-10-31,169.82
2018-11-01,169.805
2018-11-02,169.79
2018-11-03,169.775
2018-11-04,169.76
2018-11-05,169.745
2018-11-06,169.73
2018-11-07,169.715
2018-11-08,169.7
2018-11-09,169.685
2018-11-10,169.67
2018-11-11,169.655
2018-11-12,169.64
2018-11-13,169.625
2018-11-14,169.61
2018-11-15,169.595
2018-11-16,169.58
2018-11-17,169.565
2018-11-18,169.55
2018-11-19,169.535
2018-11-20,169.52
2018-11-21,169.505
2018-11-22,169.49
2018-11-23,169.475
2018-11-24,169.46
2018-11-25,169.445
2018-11-26,169.43
2018-11-27,169.415
2018-11-28,169.4
2018-11-29,169.385
2018-11-30,169.37
2018-12-01,168.86
2018-12-02,168.352
2018-12-03,167.845
2018-12-04,167.34
2018-12-05,166.836
2018-12-06,166.334
2018-12-07,165.834
2018-12-08,165.334
2018-12-09,164.837
2018-12-10,164.341
2018-12-11,163.846
2018-12-12,163.353
2018-12-13,162.861
2018-12-14,162.371
2018-12-15,161.882
2018-12-16,161.395
2018-12-17,160.909
2018-12-18,160.425
2018-12-19,159.942
2018-12-20,159.461
2018-12-21,158.981
2018-12-22,158.502
2018-12-23,158.025
2018-12-24,157.55
2018-12-25,157.075
2018-12-26,156.603
2018-12-27,156.131
2018-12-28,155.661
2018-12-29,155.193
2018-12-30,154.726
2018-12-31,154.26
2019-01-01,154.69
2019-01-02,155.121
2019-01-03,155.553
2019-01-04,155.987
2019-01-05,156.422
2019-01-06,156.858
2019-01-07,157.295
2019-01-08,157.733
2019-01-09,158.173
2019-01-10,158.614
2019-01-11,159.056
2019-01-12,159.499
2019-01-13,159.943
2019-01-14,160.389
2019-01-15,160.836
2019-01-16,161.284
2019-01-17,161.734
2019-01-18,162.185
2019-01-19,162.637
2019-01-20,163.09
2019-01-21,163.544
2019-01-22,164
2019-01-23,164.457
2019-01-24,164.916
2019-01-25,165.375
2019-01-26,165.836
2019-01-27,166.298
2019-01-28,166.762
2019-01-29,167.227
2019-01-30,167.693
2019-01-31,168.16
2019-02-01,168.337
2019-02-02,168.514
2019-02-03,168.692
2019-02-04,168.87
2019-02-05,169.047
2019-02-06,169.225
2019-02-07,169.404
2019-02-08,169.582
2019-02-09,169.761
2019-02-10,169.939
2019-02-11,170.118
2019-02-12,170.298
2019-02-13,170.477
2019-02-14,170.656
2019-02-15,170.836
2019-02-16,171.016
2019-02-17,171.196
2019-02-18,171.377
2019-02-19,171.557
2019-02-20,171.738
2019-02-21,171.919
2019-02-22,172.1
2019-02-23,172.281
2019-02-24,172.462
2019-02-25,172.644
2019-02-26,172.826
2019-02-27,173.008
2019-02-28,173.19
2019-03-01,173.395
2019-03-02,173.6
2019-03-03,173.806
2019-03-04,174.012
2019-03-05,174.218
2019-03-06,174.424
2019-03-07,174.63
2019-03-08,174.837
2019-03-09,175.044
2019-03-10,175.251
2019-03-11,175.459
2019-03-12,175.666
2019-03-13,175.874
2019-03-14,176.083
2019-03-15,176.291
2019-03-16,176.5
2019-03-17,176.709
2019-03-18,176.918
2019-03-19,177.127
2019-03-20,177.337
2019-03-21,177.547
2019-03-22,177.757
2019-03-23,177.968
2019-03-24,178.178
2019-03-25,178.389
2019-03-26,178.6
2019-03-27,178.812
2019-03-28,179.023
2019-03-29,179.235
2019-03-30,179.448
2019-03-31,179.66
2019-04-01,179.981
2019-04-02,180.302
2019-04-03,180.624
2019-04-04,180.947
2019-04-05,181.27
2019-04-06,181.594
2019-04-07,181.918
2019-04-08,182.243
2019-04-09,182.569
2019-04-10,182.895
2019-04-11,183.221
2019-04-12,183.549
2019-04-13,183.876
2019-04-14,184.205
2019-04-15,184.534
2019-04-16,184.863
2019-04-17,185.194
2019-04-18,185.524
2019-04-19,185.856
2019-04-20,186.188
2019-04-21,186.52
2019-04-22,186.853
2019-04-23,187.187
2019-04-24,187.521
2019-04-25,187.856
2019-04-26,188.192
2019-04-27,188.528
2019-04-28,188.865
2019-04-29,189.202
2019-04-30,189.54
2019-05-01,189.016
2019-05-02,188.493
2019-05-03,187.972
2019-05-04,187.452
2019-05-05,186.934
2019-05-06,186.417
2019-05-07,185.902
2019-05-08,185.388
2019-05-09,184.875
2019-05-10,184.364
2019-05-11,183.854
2019-05-12,183.346
2019-05-13,182.839
2019-05-14,182.333
2019-05-15,181.829
2019-05-16,181.327
2019-05-17,180.825
2019-05-18,180.325
2019-05-19,179.827
2019-05-20,179.329
2019-05-21,178.834
2019-05-22,178.339
2019-05-23,177.846
2019-05-24,177.354
2019-05-25,176.864
2019-05-26,176.375
2019-05-27,175.887
2019-05-28,175.401
2019-05-29,174.916
2019-05-30,174.432
2019-05-31,173.95
2019-06-01,174.362
2019-06-02,174.775
2019-06-03,175.189
2019-06-04,175.603
2019-06-05,176.019
2019-06-06,176.436
2019-06-07,176.854
2019-06-08,177.272
2019-06-09,177.692
2019-06-10,178.113
2019-06-11,178.535
2019-06-12,178.957
2019-06-13,179.381
2019-06-14,179.806
2019-06-15,180.232
2019-06-16,180.658
2019-06-17,181.086
2019-06-18,181.515
2019-06-19,181.945
2019-06-20,182.375
2019-06-21,182.807
2019-06-22,183.24
2019-06-23,183.674
2019-06-24,184.109
2019-06-25,184.545
2019-06-26,184.982
2019-06-27,185.42
2019-06-28,185.859
2019-06-29,186.299
2019-06-30,186.74
2019-07-01,186.879
2019-07-02,187.018
2019-07-03,187.158
2019-07-04,187.297
2019-07-05,187.436
2019-07-06,187.576
2019-07-07,187.716
2019-07-08,187.856
2019-07-09,187.995
2019-07-10,188.135
2019-07-11,188.276
2019-07-12,188.416
2019-07-13,188.556
2019-07-14,188.697
2019-07-15,188.837
2019-07-16,188.978
2019-07-17,189.119
2019-07-18,189.259
2019-07-19,189.4
2019-07-20,189.541
2019-07-21,189.683
2019-07-22,189.824
2019-07-23,189.965
2019-07-24,190.107
2019-07-25,190.248
2019-07-26,190.39
2019-07-27,190.532
2019-07-28,190.674
2019-07-29,190.816
2019-07-30,190.958
2019-07-31,191.1
2019-08-01,190.982
2019-08-02,190.864
2019-08-03,190.746
2019-08-04,190.628
2019-08-05,190.51
2019-08-06,190.392
2019-08-07,190.274
2019-08-08,190.157
2019-08-09,190.039
2019-08-10,189.921
2019-08-11,189.804
2019-08-12,189.687
2019-08-13,189.569
2019-08-14,189.452
2019-08-15,189.335
2019-08-16,189.218
2019-08-17,189.101
2019-08-18,188.984
2019-08-19,188.867
2019-08-20,188.75
2019-08-21,188.633
2019-08-22,188.517
2019-08-23,188.4
2019-08-24,188.284
2019-08-25,188.167
2019-08-26,188.051
2019-08-27,187.934
2019-08-28,187.818
2019-08-29,187.702
2019-08-30,187.586
2019-08-31,187.47
2019-09-01,187.515
2019-09-02,187.559
2019-09-03,187.604
2019-09-04,187.648
2019-09-05,187.693
2019-09-06,187.737
2019-09-07,187.782
2019-09-08,187.826
2019-09-09,187.871
2019-09-10,187.916
2019-09-11,187.96
2019-09-12,188.005
2019-09-13,188.049
2019-09-14,188.094
2019-09-15,188.139
2019-09-16,188.183
2019-09-17,188.228
2019-09-18,188.273
2019-09-19,188.318
2019-09-20,188.362
2019-09-21,188.407
2019-09-22,188.452
2019-09-23,188.496
2019-09-24,188.541
2019-09-25,188.586
2019-09-26,188.631
2019-09-27,188.676
2019-09-28,188.72
2019-09-29,188.765
2019-09-30,188.81
2019-10-01,189.071
2019-10-02,189.333
2019-10-03,189.595
2019-10-04,189.857
2019-10-05,190.12
2019-10-06,190.383
2019-10-07,190.647
2019-10-08,190.91
2019-10-09,191.175
2019-10-10,191.439
2019-10-11,191.704
2019-10-12,191.969
2019-10-13,192.235
2019-10-14,192.501
2019-10-15,192.767
2019-10-16,193.034
2019-10-17,193.301
2019-10-18,193.569
2019-10-19,193.837
2019-10-20,194.105
2019-10-21,194.373
2019-10-22,194.642
2019-10-23,194.912
2019-10-24,195.181
2019-10-25,195.452
2019-10-26,195.722
2019-10-27,195.993
2019-10-28,196.264
2019-10-29,196.536
2019-10-30,196.808
2019-10-31,197.08
2019-11-01,197.342
2019-11-02,197.605
2019-11-03,197.868
2019-11-04,198.131
2019-11-05,198.395
2019-11-06,198.659
2019-11-07,198.923
2019-11-08,199.187
2019-11-09,199.453
2019-11-10,199.718
2019-11-11,199.984
2019-11-12,200.25
2019-11-13,200.516
2019-11-14,200.783
2019-11-15,201.05
2019-11-16,201.318
2019-11-17,201.585
2019-11-18,201.854
2019-11-19,202.122
2019-11-20,202.391
2019-11-21,202.66
2019-11-22,202.93
2019-11-23,203.2
2019-11-24,203.47
2019-11-25,203.741
2019-11-26,204.012
2019-11-27,204.284
2019-11-28,204.555
2019-11-29,204.827
2019-11-30,205.1
2019-12-01,205.338
2019-12-02,205.576
2019-12-03,205.815
2019-12-04,206.054
2019-12-05,206.293
2019-12-06,206.533
2019-12-07,206.772
2019-12-08,207.012
2019-12-09,207.253
2019-12-10,207.493
2019-12-11,207.734
2019-12-12,207.975
2019-12-13,208.217
2019-12-14,208.458
2019-12-15,208.7
2019-12-16,208.942
2019-12-17,209.185
2019-12-18,209.428
2019-12-19,209.671
2019-12-20,209.914
2019-12-21,210.158
2019-12-22,210.402
2019-12-23,210.646
2019-12-24,210.891
2019-12-25,211.135
2019-12-26,211.38
2019-12-27,211.626
2019-12-28,211.871
2019-12-29,212.117
2019-12-30,212.364
2019-12-31,212.61
2020-01-01,212.815
2020-01-02,213.021
2020-01-03,213.227
2020-01-04,213.433
2020-01-05,213.639
2020-01-06,213.845
2020-01-07,214.052
2020-01-08,214.259
2020-01-09,214.466
2020-01-10,214.673
2020-01-11,214.88
2020-01-12,215.088
2020-01-13,215.296
2020-01-14,215.503
2020-01-15,215.712
2020-01-16,215.92
2020-01-17,216.129
2020-01-18,216.337
2020-01-19,216.546
2020-01-20,216.756
2020-01-21,216.965
2020-01-22,217.175
2020-01-23,217.384
2020-01-24,217.594
2020-01-25,217.805
2020-01-26,218.015
2020-01-27,218.226
2020-01-28,218.436
2020-01-29,218.647
2020-01-30,218.859
2020-01-31,219.07
2020-02-01,218.598
2020-02-02,218.128
2020-02-03,217.658
2020-02-04,217.19
2020-02-05,216.723
2020-02-06,216.256
2020-02-07,215.791
2020-02-08,215.326
2020-02-09,214.863
2020-02-10,214.4
2020-02-11,213.939
2020-02-12,213.478
2020-02-13,213.019
2020-02-14,212.56
2020-02-15,212.103
2020-02-16,211.646
2020-02-17,211.191
2020-02-18,210.736
2020-02-19,210.283
2020-02-20,209.83
2020-02-21,209.378
2020-02-22,208.928
2020-02-23,208.478
2020-02-24,208.029
2020-02-25,207.581
2020-02-26,207.135
2020-02-27,206.689
2020-02-28,206.244
2020-02-29,205.8
2020-03-01,205.284
2020-03-02,204.77
2020-03-03,204.257
2020-03-04,203.745
2020-03-05,203.234
2020-03-06,202.725
2020-03-07,202.217
2020-03-08,201.71
2020-03-09,201.205
2020-03-10,200.701
2020-03-11,200.198
2020-03-12,199.696
2020-03-13,199.196
2020-03-14,198.697
2020-03-15,198.199
2020-03-16,197.702
2020-03-17,197.207
2020-03-18,196.713
2020-03-19,196.22
2020-03-20,195.728
2020-03-21,195.237
2020-03-22,194.748
2020-03-23,194.26
2020-03-24,193.773
2020-03-25,193.288
2020-03-26,192.804
2020-03-27,192.32
2020-03-28,191.839
2020-03-29,191.358
2020-03-30,190.878
2020-03-31,190.4
2020-04-01,191.288
2020-04-02,192.179
2020-04-03,193.075
2020-04-04,193.975
2020-04-05,194.88
2020-04-06,195.788
2020-04-07,196.701
2020-04-08,197.618
2020-04-09,198.539
2020-04-10,199.465
2020-04-11,200.395
2020-04-12,201.329
2020-04-13,202.268
2020-04-14,203.211
2020-04-15,204.158
2020-04-16,205.11
2020-04-17,206.066
2020-04-18,207.027
2020-04-19,207.992
2020-04-20,208.961
2020-04-21,209.936
2020-04-22,210.914
2020-04-23,211.898
2020-04-24,212.885
2020-04-25,213.878
2020-04-26,214.875
2020-04-27,215.877
2020-04-28,216.883
2020-04-29,217.894
2020-04-30,218.91
2020-05-01,219.362
2020-05-02,219.815
2020-05-03,220.268
2020-05-04,220.723
2020-05-05,221.179
2020-05-06,221.635
2020-05-07,222.093
2020-05-08,222.551
2020-05-09,223.01
2020-05-10,223.471
2020-05-11,223.932
2020-05-12,224.394
2020-05-13,224.857
2020-05-14,225.322
2020-05-15,225.787
2020-05-16,226.253
2020-05-17,226.72
2020-05-18,227.188
2020-05-19,227.657
2020-05-20,228.127
2020-05-21,228.597
2020-05-22,229.069
2020-05-23,229.542
2020-05-24,230.016
2020-05-25,230.491
2020-05-26,230.966
2020-05-27,231.443
2020-05-28,231.921
2020-05-29,232.4
2020-05-30,232.879
2020-05-31,233.36
2020-06-01,233.821
2020-06-02,234.283
2020-06-03,234.746
2020-06-04,235.21
2020-06-05,235.675
2020-06-06,236.141
2020-06-07,236.608
2020-06-08,237.075
2020-06-09,237.544
2020-06-10,238.013
2020-06-11,238.484
2020-06-12,238.955
2020-06-13,239.427
2020-06-14,239.9
2020-06-15,240.375
2020-06-16,240.85
2020-06-17,241.326
2020-06-18,241.803
2020-06-19,242.28
2020-06-20,242.759
2020-06-21,243.239
2020-06-22,243.72
2020-06-23,244.201
2020-06-24,244.684
2020-06-25,245.168
2020-06-26,245.652
2020-06-27,246.138
2020-06-28,246.624
2020-06-29,247.112
2020-06-30,247.6
2020-07-01,248.167
2020-07-02,248.735
2020-07-03,249.305
2020-07-04,249.875
2020-07-05,250.447
2020-07-06,251.021
2020-07-07,251.595
2020-07-08,252.171
2020-07-09,252.749
2020-07-10,253.327
2020-07-11,253.907
2020-07-12,254.489
2020-07-13,255.071
2020-07-14,255.655
2020-07-15,256.241
2020-07-16,256.827
2020-07-17,257.415
2020-07-18,258.005
2020-07-19,258.595
2020-07-20,259.187
2020-07-21,259.781
2020-07-22,260.376
2020-07-23,260.972
2020-07-24,261.569
2020-07-25,262.168
2020-07-26,262.768
2020-07-27,263.37
2020-07-28,263.973
2020-07-29,264.577
2020-07-30,265.183
2020-07-31,265.79
2020-08-01,266.682
2020-08-02,267.577
2020-08-03,268.475
2020-08-04,269.376
2020-08-05,270.28
2020-08-06,271.187
2020-08-07,272.097
2020-08-08,273.01
2020-08-09,273.927
2020-08-10,274.846
2020-08-11,275.768
2020-08-12,276.694
2020-08-13,277.622
2020-08-14,278.554
2020-08-15,279.489
2020-08-16,280.427
2020-08-17,281.368
2020-08-18,282.312
2020-08-19,283.26
2020-08-20,284.21
2020-08-21,285.164
2020-08-22,286.121
2020-08-23,287.081
2020-08-24,288.045
2020-08-25,289.011
2020-08-26,289.981
2020-08-27,290.955
2020-08-28,291.931
2020-08-29,292.911
2020-08-30,293.894
2020-08-31,294.88
2020-09-01,294.296
2020-09-02,293.712
2020-09-03,293.13
2020-09-04,292.549
2020-09-05,291.969
2020-09-06,291.39
2020-09-07,290.813
2020-09-08,290.236
2020-09-09,289.661
2020-09-10,289.087
2020-09-11,288.514
2020-09-12,287.942
2020-09-13,287.371
2020-09-14,286.802
2020-09-15,286.233
2020-09-16,285.666
2020-09-17,285.1
2020-09-18,284.535
2020-09-19,283.971
2020-09-20,283.408
2020-09-21,282.846
2020-09-22,282.285
2020-09-23,281.726
2020-09-24,281.167
2020-09-25,280.61
2020-09-26,280.054
2020-09-27,279.499
2020-09-28,278.945
2020-09-29,278.392
2020-09-30,277.84
2020-10-01,277.563
2020-10-02,277.286
2020-10-03,277.01
2020-10-04,276.734
2020-10-05,276.458
2020-10-06,276.182
2020-10-07,275.907
2020-10-08,275.632
2020-10-09,275.357
2020-10-10,275.082
2020-10-11,274.808
2020-10-12,274.534
2020-10-13,274.26
2020-10-14,273.987
2020-10-15,273.714
2020-10-16,273.441
2020-10-17,273.168
2020-10-18,272.896
2020-10-19,272.624
2020-10-20,272.352
2020-10-21,272.081
2020-10-22,271.809
2020-10-23,271.538
2020-10-24,271.268
2020-10-25,270.997
2020-10-26,270.727
2020-10-27,270.457
2020-10-28,270.187
2020-10-29,269.918
2020-10-30,269.649
2020-10-31,269.38
2020-11-01,270.337
2020-11-02,271.297
2020-11-03,272.261
2020-11-04,273.229
2020-11-05,274.199
2020-11-06,275.173
2020-11-07,276.151
2020-11-08,277.132
2020-11-09,278.117
2020-11-10,279.105
2020-11-11,280.096
2020-11-12,281.091
2020-11-13,282.09
2020-11-14,283.092
2020-11-15,284.098
2020-11-16,285.107
2020-11-17,286.12
2020-11-18,287.137
2020-11-19,288.157
2020-11-20,289.18
2020-11-21,290.208
2020-11-22,291.239
2020-11-23,292.274
2020-11-24,293.312
2020-11-25,294.354
2020-11-26,295.4
2020-11-27,296.449
2020-11-28,297.502
2020-11-29,298.559
2020-11-30,299.62
2020-12-01,300.065
2020-12-02,300.511
2020-12-03,300.958
2020-12-04,301.406
2020-12-05,301.854
2020-12-06,302.302
2020-12-07,302.752
2020-12-08,303.202
2020-12-09,303.653
2020-12-10,304.104
2020-12-11,304.556
2020-12-12,305.009
2020-12-13,305.462
2020-12-14,305.916
2020-12-15,306.371
2020-12-16,306.827
2020-12-17,307.283
2020-12-18,307.739
2020-12-19,308.197
2020-12-20,308.655
2020-12-21,309.114
2020-12-22,309.573
2020-12-23,310.034
2020-12-24,310.495
2020-12-25,310.956
2020-12-26,311.418
2020-12-27,311.881
2020-12-28,312.345
2020-12-29,312.809
2020-12-30,313.274
2020-12-31,313.74
2021-01-01,313.766
2021-01-02,313.793
2021-01-03,313.819
2021-01-04,313.846
2021-01-05,313.872
2021-01-06,313.899
2021-01-07,313.925
2021-01-08,313.951
2021-01-09,313.978
2021-01-10,314.004
2021-01-11,314.031
2021-01-12,314.057
2021-01-13,314.084
2021-01-14,314.11
2021-01-15,314.137
2021-01-16,314.163
2021-01-17,314.189
2021-01-18,314.216
2021-01-19,314.242
2021-01-20,314.269
2021-01-21,314.295
2021-01-22,314.322
2021-01-23,314.348
2021-01-24,314.375
2021-01-25,314.401
2021-01-26,314.428
2021-01-27,314.454
2021-01-28,314.481
2021-01-29,314.507
2021-01-30,314.534
2021-01-31,314.56
2021-02-01,314.545
2021-02-02,314.53
2021-02-03,314.515
2021-02-04,314.5
2021-02-05,314.485
2021-02-06,314.47
2021-02-07,314.455
2021-02-08,314.44
2021-02-09,314.425
2021-02-10,314.41
2021-02-11,314.395
2021-02-12,314.38
2021-02-13,314.365
2021-02-14,314.35
2021-02-15,314.335
2021-02-16,314.32
2021-02-17,314.305
2021-02-18,314.29
2021-02-19,314.275
2021-02-20,314.26
2021-02-21,314.245
2021-02-22,314.23
2021-02-23,314.215
2021-02-24,314.2
2021-02-25,314.185
2021-02-26,314.17
2021-02-27,314.155
2021-02-28,314.14
2021-03-01,314.3
2021-03-02,314.46
2021-03-03,314.619
2021-03-04,314.779
2021-03-05,314.94
2021-03-06,315.1
2021-03-07,315.26
2021-03-08,315.42
2021-03-09,315.581
2021-03-10,315.741
2021-03-11,315.902
2021-03-12,316.062
2021-03-13,316.223
2021-03-14,316.384
2021-03-15,316.545
2021-03-16,316.706
2021-03-17,316.867
2021-03-18,317.028
2021-03-19,317.189
2021-03-20,317.35
2021-03-21,317.512
2021-03-22,317.673
2021-03-23,317.835
2021-03-24,317.996
2021-03-25,318.158
2021-03-26,318.32
2021-03-27,318.482
2021-03-28,318.644
2021-03-29,318.806
2021-03-30,318.968
2021-03-31,319.13
2021-04-01,319.741
2021-04-02,320.354
2021-04-03,320.968
2021-04-04,321.583
2021-04-05,322.199
2021-04-06,322.816
2021-04-07,323.434
2021-04-08,324.054
2021-04-09,324.675
2021-04-10,325.297
2021-04-11,325.92
2021-04-12,326.544
2021-04-13,327.17
2021-04-14,327.797
2021-04-15,328.425
2021-04-16,329.054
2021-04-17,329.684
2021-04-18,330.316
2021-04-19,330.949
2021-04-20,331.583
2021-04-21,332.218
2021-04-22,332.854
2021-04-23,333.492
2021-04-24,334.131
2021-04-25,334.771
2021-04-26,335.412
2021-04-27,336.055
2021-04-28,336.699
2021-04-29,337.344
2021-04-30,337.99
2021-05-01,337.858
2021-05-02,337.727
2021-05-03,337.595
2021-05-04,337.463
2021-05-05,337.332
2021-05-06,337.2
2021-05-07,337.069
2021-05-08,336.938
2021-05-09,336.806
2021-05-10,336.675
2021-05-11,336.544
2021-05-12,336.413
2021-05-13,336.281
2021-05-14,336.15
2021-05-15,336.019
2021-05-16,335.888
2021-05-17,335.757
2021-05-18,335.627
2021-05-19,335.496
2021-05-20,335.365
2021-05-21,335.234
2021-05-22,335.104
2021-05-23,334.973
2021-05-24,334.842
2021-05-25,334.712
2021-05-26,334.582
2021-05-27,334.451
2021-05-28,334.321
2021-05-29,334.19
2021-05-30,334.06
2021-05-31,333.93
2021-06-01,334.594
2021-06-02,335.259
2021-06-03,335.925
2021-06-04,336.593
2021-06-05,337.262
2021-06-06,337.933
2021-06-07,338.605
2021-06-08,339.278
2021-06-09,339.952
2021-06-10,340.628
2021-06-11,341.305
2021-06-12,341.984
2021-06-13,342.664
2021-06-14,343.345
2021-06-15,344.027
2021-06-16,344.711
2021-06-17,345.397
2021-06-18,346.083
2021-06-19,346.771
2021-06-20,347.461
2021-06-21,348.151
2021-06-22,348.843
2021-06-23,349.537
2021-06-24,350.232
2021-06-25,350.928
2021-06-26,351.626
2021-06-27,352.325
2021-06-28,353.025
2021-06-29,353.727
2021-06-30,354.43
2021-07-01,354.753
2021-07-02,355.076
2021-07-03,355.399
2021-07-04,355.722
2021-07-05,356.046
2021-07-06,356.37
2021-07-07,356.695
2021-07-08,357.019
2021-07-09,357.344
2021-07-10,357.67
2021-07-11,357.995
2021-07-12,358.321
2021-07-13,358.647
2021-07-14,358.974
2021-07-15,359.301
2021-07-16,359.628
2021-07-17,359.955
2021-07-18,360.283
2021-07-19,360.611
2021-07-20,360.939
2021-07-21,361.268
2021-07-22,361.597
2021-07-23,361.926
2021-07-24,362.255
2021-07-25,362.585
2021-07-26,362.915
2021-07-27,363.245
2021-07-28,363.576
2021-07-29,363.907
2021-07-30,364.238
2021-07-31,364.57
2021-08-01,365.056
2021-08-02,365.543
2021-08-03,366.031
2021-08-04,366.519
2021-08-05,367.008
2021-08-06,367.497
2021-08-07,367.988
2021-08-08,368.478
2021-08-09,368.97
2021-08-10,369.462
2021-08-11,369.955
2021-08-12,370.448
2021-08-13,370.942
2021-08-14,371.437
2021-08-15,371.933
2021-08-16,372.429
2021-08-17,372.925
2021-08-18,373.423
2021-08-19,373.921
2021-08-20,374.42
2021-08-21,374.919
2021-08-22,375.419
2021-08-23,375.92
2021-08-24,376.421
2021-08-25,376.923
2021-08-26,377.426
2021-08-27,377.93
2021-08-28,378.434
2021-08-29,378.938
2021-08-30,379.444
2021-08-31,379.95
2021-09-01,379.196
2021-09-02,378.443
2021-09-03,377.692
2021-09-04,376.942
2021-09-05,376.193
2021-09-06,375.446
2021-09-07,374.701
2021-09-08,373.957
2021-09-09,373.215
2021-09-10,372.474
2021-09-11,371.734
2021-09-12,370.996
2021-09-13,370.26
2021-09-14,369.525
2021-09-15,368.791
2021-09-16,368.059
2021-09-17,367.328
2021-09-18,366.599
2021-09-19,365.871
2021-09-20,365.145
2021-09-21,364.42
2021-09-22,363.696
2021-09-23,362.974
2021-09-24,362.254
2021-09-25,361.535
2021-09-26,360.817
2021-09-27,360.1
2021-09-28,359.386
2021-09-29,358.672
2021-09-30,357.96
2021-10-01,358.835
2021-10-02,359.713
2021-10-03,360.592
2021-10-04,361.474
2021-10-05,362.357
2021-10-06,363.243
2021-10-07,364.131
2021-10-08,365.022
2021-10-09,365.914
2021-10-10,366.809
2021-10-11,367.706
2021-10-12,368.605
2021-10-13,369.506
2021-10-14,370.409
2021-10-15,371.315
2021-10-16,372.223
2021-10-17,373.133
2021-10-18,374.045
2021-10-19,374.96
2021-10-20,375.877
2021-10-21,376.796
2021-10-22,377.717
2021-10-23,378.64
2021-10-24,379.566
2021-10-25,380.494
2021-10-26,381.424
2021-10-27,382.357
2021-10-28,383.292
2021-10-29,384.229
2021-10-30,385.168
2021-10-31,386.11
2021-11-01,386.365
2021-11-02,386.619
2021-11-03,386.874
2021-11-04,387.129
2021-11-05,387.384
2021-11-06,387.64
2021-11-07,387.895
2021-11-08,388.151
2021-11-09,388.407
2021-11-10,388.663
2021-11-11,388.919
2021-11-12,389.176
2021-11-13,389.432
2021-11-14,389.689
2021-11-15,389.946
2021-11-16,390.203
2021-11-17,390.46
2021-11-18,390.718
2021-11-19,390.975
2021-11-20,391.233
2021-11-21,391.491
2021-11-22,391.749
2021-11-23,392.007
2021-11-24,392.266
2021-11-25,392.524
2021-11-26,392.783
2021-11-27,393.042
2021-11-28,393.301
2021-11-29,393.561
2021-11-30,393.82
2021-12-01,393.949
2021-12-02,394.079
2021-12-03,394.208
2021-12-04,394.338
2021-12-05,394.467
2021-12-06,394.597
2021-12-07,394.726
2021-12-08,394.856
2021-12-09,394.986
2021-12-10,395.116
2021-12-11,395.245
2021-12-12,395.375
2021-12-13,395.505
2021-12-14,395.635
2021-12-15,395.765
2021-12-16,395.895
2021-12-17,396.025
2021-12-18,396.155
2021-12-19,396.285
2021-12-20,396.415
2021-12-21,396.546
2021-12-22,396.676
2021-12-23,396.806
2021-12-24,396.936
2021-12-25,397.067
2021-12-26,397.197
2021-12-27,397.328
2021-12-28,397.458
2021-12-29,397.589
2021-12-30,397.719
2021-12-31,397.85
2022-01-01,396.677
2022-01-02,395.507
2022-01-03,394.341
2022-01-04,393.179
2022-01-05,392.019
2022-01-06,390.864
2022-01-07,389.711
2022-01-08,388.562
2022-01-09,387.417
2022-01-10,386.274
2022-01-11,385.135
2022-01-12,384
2022-01-13,382.868
2022-01-14,381.739
2022-01-15,380.613
2022-01-16,379.491
2022-01-17,378.372
2022-01-18,377.257
2022-01-19,376.144
2022-01-20,375.035
2022-01-21,373.93
2022-01-22,372.827
2022-01-23,371.728
2022-01-24,370.632
2022-01-25,369.539
2022-01-26,368.45
2022-01-27,367.363
2022-01-28,366.28
2022-01-29,365.2
2022-01-30,364.124
2022-01-31,363.05
2022-02-01,362.457
2022-02-02,361.864
2022-02-03,361.273
2022-02-04,360.683
2022-02-05,360.093
2022-02-06,359.505
2022-02-07,358.917
2022-02-08,358.331
2022-02-09,357.745
2022-02-10,357.161
2022-02-11,356.577
2022-02-12,355.995
2022-02-13,355.413
2022-02-14,354.832
2022-02-15,354.252
2022-02-16,353.673
2022-02-17,353.095
2022-02-18,352.518
2022-02-19,351.942
2022-02-20,351.367
2022-02-21,350.793
2022-02-22,350.22
2022-02-23,349.647
2022-02-24,349.076
2022-02-25,348.506
2022-02-26,347.936
2022-02-27,347.368
2022-02-28,346.8
2022-03-01,347.297
2022-03-02,347.795
2022-03-03,348.293
2022-03-04,348.792
2022-03-05,349.292
2022-03-06,349.792
2022-03-07,350.293
2022-03-08,350.795
2022-03-09,351.298
2022-03-10,351.801
2022-03-11,352.305
2022-03-12,352.81
2022-03-13,353.316
2022-03-14,353.822
2022-03-15,354.329
2022-03-16,354.837
2022-03-17,355.345
2022-03-18,355.854
2022-03-19,356.364
2022-03-20,356.875
2022-03-21,357.386
2022-03-22,357.898
2022-03-23,358.411
2022-03-24,358.924
2022-03-25,359.439
2022-03-26,359.954
2022-03-27,360.47
2022-03-28,360.986
2022-03-29,361.503
2022-03-30,362.021
2022-03-31,362.54
2022-04-01,360.778
2022-04-02,359.025
2022-04-03,357.281
2022-04-04,355.544
2022-04-05,353.817
2022-04-06,352.098
2022-04-07,350.387
2022-04-08,348.684
2022-04-09,346.99
2022-04-10,345.303
2022-04-11,343.626
2022-04-12,341.956
2022-04-13,340.294
2022-04-14,338.641
2022-04-15,336.995
2022-04-16,335.357
2022-04-17,333.728
2022-04-18,332.106
2022-04-19,330.492
2022-04-20,328.886
2022-04-21,327.288
2022-04-22,325.698
2022-04-23,324.115
2022-04-24,322.54
2022-04-25,320.973
2022-04-26,319.413
2022-04-27,317.861
2022-04-28,316.317
2022-04-29,314.78
2022-04-30,313.25
2022-05-01,313.088
2022-05-02,312.927
2022-05-03,312.766
2022-05-04,312.604
2022-05-05,312.443
2022-05-06,312.282
2022-05-07,312.121
2022-05-08,311.96
2022-05-09,311.799
2022-05-10,311.638
2022-05-11,311.477
2022-05-12,311.317
2022-05-13,311.156
2022-05-14,310.996
2022-05-15,310.835
2022-05-16,310.675
2022-05-17,310.515
2022-05-18,310.355
2022-05-19,310.194
2022-05-20,310.034
2022-05-21,309.875
2022-05-22,309.715
2022-05-23,309.555
2022-05-24,309.395
2022-05-25,309.236
2022-05-26,309.076
2022-05-27,308.917
2022-05-28,308.758
2022-05-29,308.598
2022-05-30,308.439
2022-05-31,308.28
2022-06-01,307.303
2022-06-02,306.329
2022-06-03,305.359
2022-06-04,304.391
2022-06-05,303.426
2022-06-06,302.465
2022-06-07,301.506
2022-06-08,300.551
2022-06-09,299.598
2022-06-10,298.649
2022-06-11,297.703
2022-06-12,296.759
2022-06-13,295.819
2022-06-14,294.881
2022-06-15,293.947
2022-06-16,293.015
2022-06-17,292.087
2022-06-18,291.161
2022-06-19,290.238
2022-06-20,289.319
2022-06-21,288.402
2022-06-22,287.488
2022-06-23,286.577
2022-06-24,285.669
2022-06-25,284.763
2022-06-26,283.861
2022-06-27,282.962
2022-06-28,282.065
2022-06-29,281.171
2022-06-30,280.28
2022-07-01,281.351
2022-07-02,282.426
2022-07-03,283.506
2022-07-04,284.589
2022-07-05,285.677
2022-07-06,286.768
2022-07-07,287.864
2022-07-08,288.964
2022-07-09,290.069
2022-07-10,291.177
2022-07-11,292.29
2022-07-12,293.407
2022-07-13,294.528
2022-07-14,295.654
2022-07-15,296.784
2022-07-16,297.918
2022-07-17,299.056
2022-07-18,300.199
2022-07-19,301.346
2022-07-20,302.498
2022-07-21,303.654
2022-07-22,304.814
2022-07-23,305.979
2022-07-24,307.149
2022-07-25,308.322
2022-07-26,309.501
2022-07-27,310.684
2022-07-28,311.871
2022-07-29,313.063
2022-07-30,314.259
2022-07-31,315.46
2022-08-01,314.924
2022-08-02,314.39
2022-08-03,313.856
2022-08-04,313.323
2022-08-05,312.791
2022-08-06,312.26
2022-08-07,311.729
2022-08-08,311.2
2022-08-09,310.671
2022-08-10,310.144
2022-08-11,309.617
2022-08-12,309.092
2022-08-13,308.567
2022-08-14,308.043
2022-08-15,307.52
2022-08-16,306.997
2022-08-17,306.476
2022-08-18,305.956
2022-08-19,305.436
2022-08-20,304.917
2022-08-21,304.4
2022-08-22,303.883
2022-08-23,303.367
2022-08-24,302.852
2022-08-25,302.337
2022-08-26,301.824
2022-08-27,301.311
2022-08-28,300.8
2022-08-29,300.289
2022-08-30,299.779
2022-08-31,299.27
2022-09-01,298.144
2022-09-02,297.022
2022-09-03,295.904
2022-09-04,294.79
2022-09-05,293.68
2022-09-06,292.575
2022-09-07,291.474
2022-09-08,290.377
2022-09-09,289.284
2022-09-10,288.195
2022-09-11,287.111
2022-09-12,286.03
2022-09-13,284.953
2022-09-14,283.881
2022-09-15,282.812
2022-09-16,281.748
2022-09-17,280.688
2022-09-18,279.631
2022-09-19,278.579
2022-09-20,277.53
2022-09-21,276.486
2022-09-22,275.445
2022-09-23,274.408
2022-09-24,273.376
2022-09-25,272.347
2022-09-26,271.322
2022-09-27,270.301
2022-09-28,269.283
2022-09-29,268.27
2022-09-30,267.26
2022-10-01,267.598
2022-10-02,267.937
2022-10-03,268.276
2022-10-04,268.616
2022-10-05,268.956
2022-10-06,269.296
2022-10-07,269.637
2022-10-08,269.979
2022-10-09,270.32
2022-10-10,270.663
2022-10-11,271.005
2022-10-12,271.348
2022-10-13,271.692
2022-10-14,272.036
2022-10-15,272.38
2022-10-16,272.725
2022-10-17,273.07
2022-10-18,273.416
2022-10-19,273.762
2022-10-20,274.109
2022-10-21,274.456
2022-10-22,274.803
2022-10-23,275.151
2022-10-24,275.499
2022-10-25,275.848
2022-10-26,276.197
2022-10-27,276.547
2022-10-28,276.897
2022-10-29,277.248
2022-10-30,277.599
2022-10-31,277.95
2022-11-01,278.45
2022-11-02,278.952
2022-11-03,279.454
2022-11-04,279.957
2022-11-05,280.461
2022-11-06,280.966
2022-11-07,281.472
2022-11-08,281.978
2022-11-09,282.486
2022-11-10,282.995
2022-11-11,283.504
2022-11-12,284.014
2022-11-13,284.526
2022-11-14,285.038
2022-11-15,285.551
2022-11-16,286.065
2022-11-17,286.58
2022-11-18,287.096
2022-11-19,287.613
2022-11-20,288.131
2022-11-21,288.649
2022-11-22,289.169
2022-11-23,289.69
2022-11-24,290.211
2022-11-25,290.734
2022-11-26,291.257
2022-11-27,291.781
2022-11-28,292.307
2022-11-29,292.833
2022-11-30,293.36
2022-12-01,292.445
2022-12-02,291.533
2022-12-03,290.623
2022-12-04,289.717
2022-12-05,288.813
2022-12-06,287.912
2022-12-07,287.014
2022-12-08,286.119
2022-12-09,285.226
2022-12-10,284.336
2022-12-11,283.449
2022-12-12,282.565
2022-12-13,281.684
2022-12-14,280.805
2022-12-15,279.929
2022-12-16,279.056
2022-12-17,278.185
2022-12-18,277.318
2022-12-19,276.453
2022-12-20,275.59
2022-12-21,274.731
2022-12-22,273.874
2022-12-23,273.019
2022-12-24,272.168
2022-12-25,271.319
2022-12-26,270.472
2022-12-27,269.629
2022-12-28,268.788
2022-12-29,267.949
2022-12-30,267.113
2022-12-31,266.28
2023-01-01,267.15
2023-01-02,268.023
2023-01-03,268.899
2023-01-04,269.778
2023-01-05,270.659
2023-01-06,271.544
2023-01-07,272.431
2023-01-08,273.321
2023-01-09,274.215
2023-01-10,275.111
2023-01-11,276.01
2023-01-12,276.912
2023-01-13,277.817
2023-01-14,278.724
2023-01-15,279.635
2023-01-16,280.549
2023-01-17,281.466
2023-01-18,282.386
2023-01-19,283.308
2023-01-20,284.234
2023-01-21,285.163
2023-01-22,286.095
2023-01-23,287.03
2023-01-24,287.968
2023-01-25,288.909
2023-01-26,289.853
2023-01-27,290.8
2023-01-28,291.75
2023-01-29,292.704
2023-01-30,293.66
2023-01-31,294.62
2023-02-01,294.582
2023-02-02,294.544
2023-02-03,294.506
2023-02-04,294.468
2023-02-05,294.43
2023-02-06,294.393
2023-02-07,294.355
2023-02-08,294.317
2023-02-09,294.279
2023-02-10,294.241
2023-02-11,294.203
2023-02-12,294.165
2023-02-13,294.127
2023-02-14,294.09
2023-02-15,294.052
2023-02-16,294.014
2023-02-17,293.976
2023-02-18,293.938
2023-02-19,293.9
2023-02-20,293.862
2023-02-21,293.825
2023-02-22,293.787
2023-02-23,293.749
2023-02-24,293.711
2023-02-25,293.673
2023-02-26,293.636
2023-02-27,293.598
2023-02-28,293.56
2023-03-01,294.405
2023-03-02,295.253
2023-03-03,296.103
2023-03-04,296.956
2023-03-05,297.811
2023-03-06,298.669
2023-03-07,299.529
2023-03-08,300.391
2023-03-09,301.256
2023-03-10,302.124
2023-03-11,302.994
2023-03-12,303.866
2023-03-13,304.741
2023-03-14,305.619
2023-03-15,306.499
2023-03-16,307.382
2023-03-17,308.267
2023-03-18,309.155
2023-03-19,310.045
2023-03-20,310.938
2023-03-21,311.833
2023-03-22,312.731
2023-03-23,313.632
2023-03-24,314.535
2023-03-25,315.44
2023-03-26,316.349
2023-03-27,317.26
2023-03-28,318.173
2023-03-29,319.09
2023-03-30,320.008
2023-03-31,320.93
2023-04-01,320.984
2023-04-02,321.038
2023-04-03,321.093
2023-04-04,321.147
2023-04-05,321.201
2023-04-06,321.255
2023-04-07,321.31
2023-04-08,321.364
2023-04-09,321.418
2023-04-10,321.472
2023-04-11,321.527
2023-04-12,321.581
2023-04-13,321.635
2023-04-14,321.69
2023-04-15,321.744
2023-04-16,321.798
2023-04-17,321.853
2023-04-18,321.907
2023-04-19,321.961
2023-04-20,322.016
2023-04-21,322.07
2023-04-22,322.125
2023-04-23,322.179
2023-04-24,322.233
2023-04-25,322.288
2023-04-26,322.342
2023-04-27,322.397
2023-04-28,322.451
2023-04-29,322.506
2023-04-30,322.56
2023-05-01,323.351
2023-05-02,324.143
2023-05-03,324.937
2023-05-04,325.734
2023-05-05,326.532
2023-05-06,327.333
2023-05-07,328.135
2023-05-08,328.939
2023-05-09,329.745
2023-05-10,330.553
2023-05-11,331.363
2023-05-12,332.176
2023-05-13,332.99
2023-05-14,333.806
2023-05-15,334.624
2023-05-16,335.444
2023-05-17,336.266
2023-05-18,337.09
2023-05-19,337.917
2023-05-20,338.745
2023-05-21,339.575
2023-05-22,340.407
2023-05-23,341.242
2023-05-24,342.078
2023-05-25,342.916
2023-05-26,343.757
2023-05-27,344.599
2023-05-28,345.444
2023-05-29,346.29
2023-05-30,347.139
2023-05-31,347.99
2023-06-01,348.684
2023-06-02,349.379
2023-06-03,350.076
2023-06-04,350.774
2023-06-05,351.473
2023-06-06,352.174
2023-06-07,352.876
2023-06-08,353.58
2023-06-09,354.285
2023-06-10,354.992
2023-06-11,355.699
2023-06-12,356.409
2023-06-13,357.119
2023-06-14,357.831
2023-06-15,358.545
2023-06-16,359.26
2023-06-17,359.976
2023-06-18,360.694
2023-06-19,361.413
2023-06-20,362.134
2023-06-21,362.856
2023-06-22,363.58
2023-06-23,364.305
2023-06-24,365.031
2023-06-25,365.759
2023-06-26,366.488
2023-06-27,367.219
2023-06-28,367.951
2023-06-29,368.685
2023-06-30,369.42
2023-07-01,369.872
2023-07-02,370.324
2023-07-03,370.777
2023-07-04,371.23
2023-07-05,371.684
2023-07-06,372.138
2023-07-07,372.593
2023-07-08,373.048
2023-07-09,373.505
2023-07-10,373.961
2023-07-11,374.418
2023-07-12,374.876
2023-07-13,375.334
2023-07-14,375.793
2023-07-15,376.253
2023-07-16,376.713
2023-07-17,377.173
2023-07-18,377.634
2023-07-19,378.096
2023-07-20,378.558
2023-07-21,379.021
2023-07-22,379.484
2023-07-23,379.948
2023-07-24,380.413
2023-07-25,380.878
2023-07-26,381.343
2023-07-27,381.81
2023-07-28,382.276
2023-07-29,382.744
2023-07-30,383.212
2023-07-31,383.68
2023-08-01,383.495
2023-08-02,383.31
2023-08-03,383.126
2023-08-04,382.941
2023-08-05,382.756
2023-08-06,382.572
2023-08-07,382.388
2023-08-08,382.203
2023-08-09,382.019
2023-08-10,381.835
2023-08-11,381.651
2023-08-12,381.467
2023-08-13,381.284
2023-08-14,381.1
2023-08-15,380.916
2023-08-16,380.733
2023-08-17,380.549
2023-08-18,380.366
2023-08-19,380.183
2023-08-20,379.999
2023-08-21,379.816
2023-08-22,379.633
2023-08-23,379.45
2023-08-24,379.267
2023-08-25,379.085
2023-08-26,378.902
2023-08-27,378.719
2023-08-28,378.537
2023-08-29,378.355
2023-08-30,378.172
2023-08-31,377.99
2023-09-01,377.316
2023-09-02,376.642
2023-09-03,375.97
2023-09-04,375.299
2023-09-05,374.63
2023-09-06,373.961
2023-09-07,373.294
2023-09-08,372.628
2023-09-09,371.963
2023-09-10,371.299
2023-09-11,370.636
2023-09-12,369.975
2023-09-13,369.315
2023-09-14,368.656
2023-09-15,367.998
2023-09-16,367.341
2023-09-17,366.686
2023-09-18,366.031
2023-09-19,365.378
2023-09-20,364.726
2023-09-21,364.075
2023-09-22,363.426
2023-09-23,362.777
2023-09-24,362.13
2023-09-25,361.484
2023-09-26,360.839
2023-09-27,360.195
2023-09-28,359.552
2023-09-29,358.91
2023-09-30,358.27
2023-10-01,358.029
2023-10-02,357.788
2023-10-03,357.547
2023-10-04,357.306
2023-10-05,357.066
2023-10-06,356.826
2023-10-07,356.586
2023-10-08,356.346
2023-10-09,356.106
2023-10-10,355.866
2023-10-11,355.626
2023-10-12,355.387
2023-10-13,355.148
2023-10-14,354.909
2023-10-15,354.67
2023-10-16,354.431
2023-10-17,354.193
2023-10-18,353.954
2023-10-19,353.716
2023-10-20,353.478
2023-10-21,353.24
2023-10-22,353.002
2023-10-23,352.765
2023-10-24,352.527
2023-10-25,352.29
2023-10-26,352.053
2023-10-27,351.816
2023-10-28,351.579
2023-10-29,351.343
2023-10-30,351.106
2023-10-31,350.87
2023-11-01,352.074
2023-11-02,353.281
2023-11-03,354.493
2023-11-04,355.709
2023-11-05,356.929
2023-11-06,358.153
2023-11-07,359.382
2023-11-08,360.614
2023-11-09,361.851
2023-11-10,363.093
2023-11-11,364.338
2023-11-12,365.588
2023-11-13,366.842
2023-11-14,368.1
2023-11-15,369.363
2023-11-16,370.63
2023-11-17,371.901
2023-11-18,373.177
2023-11-19,374.457
2023-11-20,375.741
2023-11-21,377.03
2023-11-22,378.323
2023-11-23,379.621
2023-11-24,380.923
2023-11-25,382.229
2023-11-26,383.541
2023-11-27,384.856
2023-11-28,386.176
2023-11-29,387.501
2023-11-30,388.83
2023-12-01,389.481
2023-12-02,390.133
2023-12-03,390.786
2023-12-04,391.44
2023-12-05,392.095
2023-12-06,392.751
2023-12-07,393.409
2023-12-08,394.067
2023-12-09,394.727
2023-12-10,395.387
2023-12-11,396.049
2023-12-12,396.712
2023-12-13,397.376
2023-12-14,398.041
2023-12-15,398.707
2023-12-16,399.375
2023-12-17,400.043
2023-12-18,400.713
2023-12-19,401.383
2023-12-20,402.055
2023-12-21,402.728
2023-12-22,403.402
2023-12-23,404.078
2023-12-24,404.754
2023-12-25,405.431
2023-12-26,406.11
2023-12-27,406.79
2023-12-28,407.471
2023-12-29,408.153
2023-12-30,408.836
2023-12-31,409.52
2024-01-01,409.758
2024-01-02,409.997
2024-01-03,410.235
2024-01-04,410.474
2024-01-05,410.713
2024-01-06,410.951
2024-01-07,411.191
2024-01-08,411.43
2024-01-09,411.669
2024-01-10,411.909
2024-01-11,412.148
2024-01-12,412.388
2024-01-13,412.628
2024-01-14,412.868
2024-01-15,413.108
2024-01-16,413.348
2024-01-17,413.589
2024-01-18,413.829
2024-01-19,414.07
2024-01-20,414.311
2024-01-21,414.552
2024-01-22,414.793
2024-01-23,415.035
2024-01-24,415.276
2024-01-25,415.518
2024-01-26,415.759
2024-01-27,416.001
2024-01-28,416.243
2024-01-29,416.485
2024-01-30,416.728
2024-01-31,416.97
2024-02-01,417.711
2024-02-02,418.453
2024-02-03,419.197
2024-02-04,419.942
2024-02-05,420.688
2024-02-06,421.435
2024-02-07,422.184
2024-02-08,422.934
2024-02-09,423.686
2024-02-10,424.439
2024-02-11,425.193
2024-02-12,425.949
2024-02-13,426.705
2024-02-14,427.464
2024-02-15,428.223
2024-02-16,428.984
2024-02-17,429.746
2024-02-18,430.51
2024-02-19,431.275
2024-02-20,432.041
2024-02-21,432.809
2024-02-22,433.578
2024-02-23,434.349
2024-02-24,435.12
2024-02-25,435.894
2024-02-26,436.668
2024-02-27,437.444
2024-02-28,438.221
2024-02-29,439
2024-03-01,439.161
2024-03-02,439.322
2024-03-03,439.482
2024-03-04,439.643
2024-03-05,439.804
2024-03-06,439.965
2024-03-07,440.126
2024-03-08,440.287
2024-03-09,440.449
2024-03-10,440.61
2024-03-11,440.771
2024-03-12,440.933
2024-03-13,441.094
2024-03-14,441.256
2024-03-15,441.417
2024-03-16,441.579
2024-03-17,441.74
2024-03-18,441.902
2024-03-19,442.064
2024-03-20,442.226
2024-03-21,442.388
2024-03-22,442.55
2024-03-23,442.712
2024-03-24,442.874
2024-03-25,443.036
2024-03-26,443.198
2024-03-27,443.36
2024-03-28,443.523
2024-03-29,443.685
2024-03-30,443.847
2024-03-31,444.01
2024-04-01,443.349
2024-04-02,442.688
2024-04-03,442.029
2024-04-04,441.37
2024-04-05,440.713
2024-04-06,440.056
2024-04-07,439.401
2024-04-08,438.746
2024-04-09,438.093
2024-04-10,437.44
2024-04-11,436.788
2024-04-12,436.138
2024-04-13,435.488
2024-04-14,434.839
2024-04-15,434.191
2024-04-16,433.545
2024-04-17,432.899
2024-04-18,432.254
2024-04-19,431.61
2024-04-20,430.967
2024-04-21,430.325
2024-04-22,429.684
2024-04-23,429.044
2024-04-24,428.405
2024-04-25,427.767
2024-04-26,427.129
2024-04-27,426.493
2024-04-28,425.858
2024-04-29,425.223
2024-04-30,424.59
2024-05-01,425.408
2024-05-02,426.229
2024-05-03,427.05
2024-05-04,427.873
2024-05-05,428.698
2024-05-06,429.525
2024-05-07,430.353
2024-05-08,431.182
2024-05-09,432.013
2024-05-10,432.846
2024-05-11,433.68
2024-05-12,434.516
2024-05-13,435.354
2024-05-14,436.193
2024-05-15,437.034
2024-05-16,437.877
2024-05-17,438.721
2024-05-18,439.566
2024-05-19,440.414
2024-05-20,441.263
2024-05-21,442.113
2024-05-22,442.965
2024-05-23,443.819
2024-05-24,444.675
2024-05-25,445.532
2024-05-26,446.391
2024-05-27,447.251
2024-05-28,448.114
2024-05-29,448.977
2024-05-30,449.843
2024-05-31,450.71
2024-06-01,451.629
2024-06-02,452.55
2024-06-03,453.473
2024-06-04,454.397
2024-06-05,455.324
2024-06-06,456.252
2024-06-07,457.182
2024-06-08,458.114
2024-06-09,459.049
2024-06-10,459.985
2024-06-11,460.922
2024-06-12,461.862
2024-06-13,462.804
2024-06-14,463.748
2024-06-15,464.693
2024-06-16,465.641
2024-06-17,466.59
2024-06-18,467.541
2024-06-19,468.495
2024-06-20,469.45
2024-06-21,470.407
2024-06-22,471.366
2024-06-23,472.327
2024-06-24,473.29
2024-06-25,474.255
2024-06-26,475.222
2024-06-27,476.191
2024-06-28,477.162
2024-06-29,478.135
2024-06-30,479.11
2024-07-01,478.849
2024-07-02,478.587
2024-07-03,478.326
2024-07-04,478.065
2024-07-05,477.804
2024-07-06,477.543
2024-07-07,477.283
2024-07-08,477.022
2024-07-09,476.762
2024-07-10,476.502
2024-07-11,476.242
2024-07-12,475.982
2024-07-13,475.722
2024-07-14,475.462
2024-07-15,475.203
2024-07-16,474.943
2024-07-17,474.684
2024-07-18,474.425
2024-07-19,474.166
2024-07-20,473.907
2024-07-21,473.649
2024-07-22,473.39
2024-07-23,473.132
2024-07-24,472.874
2024-07-25,472.616
2024-07-26,472.358
2024-07-27,472.1
2024-07-28,471.842
2024-07-29,471.585
2024-07-30,471.327
2024-07-31,471.07
2024-08-01,471.237
2024-08-02,471.404
2024-08-03,471.571
2024-08-04,471.738
2024-08-05,471.905
2024-08-06,472.072
2024-08-07,472.239
2024-08-08,472.406
2024-08-09,472.574
2024-08-10,472.741
2024-08-11,472.909
2024-08-12,473.076
2024-08-13,473.244
2024-08-14,473.411
2024-08-15,473.579
2024-08-16,473.747
2024-08-17,473.915
2024-08-18,474.082
2024-08-19,474.25
2024-08-20,474.418
2024-08-21,474.586
2024-08-22,474.754
2024-08-23,474.923
2024-08-24,475.091
2024-08-25,475.259
2024-08-26,475.427
2024-08-27,475.596
2024-08-28,475.764
2024-08-29,475.933
2024-08-30,476.101
2024-08-31,476.27
2024-09-01,476.659
2024-09-02,477.048
2024-09-03,477.437
2024-09-04,477.827
2024-09-05,478.217
2024-09-06,478.607
2024-09-07,478.998
2024-09-08,479.388
2024-09-09,479.78
2024-09-10,480.171
2024-09-11,480.563
2024-09-12,480.955
2024-09-13,481.348
2024-09-14,481.741
2024-09-15,482.134
2024-09-16,482.527
2024-09-17,482.921
2024-09-18,483.315
2024-09-19,483.71
2024-09-20,484.105
2024-09-21,484.5
2024-09-22,484.895
2024-09-23,485.291
2024-09-24,485.687
2024-09-25,486.083
2024-09-26,486.48
2024-09-27,486.877
2024-09-28,487.274
2024-09-29,487.672
2024-09-30,488.07
2024-10-01,487.933
2024-10-02,487.797
2024-10-03,487.66
2024-10-04,487.523
2024-10-05,487.387
2024-10-06,487.25
2024-10-07,487.114
2024-10-08,486.977
2024-10-09,486.841
2024-10-10,486.705
2024-10-11,486.568
2024-10-12,486.432
2024-10-13,486.296
2024-10-14,486.16
2024-10-15,486.023
2024-10-16,485.887
2024-10-17,485.751
2024-10-18,485.615
2024-10-19,485.479
2024-10-20,485.343
2024-10-21,485.207
2024-10-22,485.071
2024-10-23,484.936
2024-10-24,484.8
2024-10-25,484.664
2024-10-26,484.528
2024-10-27,484.392
2024-10-28,484.257
2024-10-29,484.121
2024-10-30,483.986
2024-10-31,483.85
2024-11-01,484.691
2024-11-02,485.534
2024-11-03,486.379
2024-11-04,487.225
2024-11-05,488.072
2024-11-06,488.921
2024-11-07,489.771
2024-11-08,490.623
2024-11-09,491.476
2024-11-10,492.33
2024-11-11,493.187
2024-11-12,494.044
2024-11-13,494.904
2024-11-14,495.764
2024-11-15,496.626
2024-11-16,497.49
2024-11-17,498.355
2024-11-18,499.222
2024-11-19,500.09
2024-11-20,500.96
2024-11-21,501.831
2024-11-22,502.704
2024-11-23,503.578
2024-11-24,504.453
2024-11-25,505.331
2024-11-26,506.21
2024-11-27,507.09
2024-11-28,507.972
2024-11-29,508.855
2024-11-30,509.74
2024-12-01,509.788
2024-12-02,509.836
2024-12-03,509.884
2024-12-04,509.932
2024-12-05,509.98
2024-12-06,510.028
2024-12-07,510.076
2024-12-08,510.124
2024-12-09,510.172
2024-12-10,510.22
2024-12-11,510.268
2024-12-12,510.316
2024-12-13,510.364
2024-12-14,510.412
2024-12-15,510.46
2024-12-16,510.508
2024-12-17,510.557
2024-12-18,510.605
2024-12-19,510.653
2024-12-20,510.701
2024-12-21,510.749
2024-12-22,510.797
2024-12-23,510.845
2024-12-24,510.893
2024-12-25,510.941
2024-12-26,510.989
2024-12-27,511.037
2024-12-28,511.086
2024-12-29,511.134
2024-12-30,511.182
2024-12-31,511.23
2025-01-01,511.583
2025-01-02,511.936
2025-01-03,512.29
2025-01-04,512.644
2025-01-05,512.998
2025-01-06,513.352
2025-01-07,513.707
2025-01-08,514.062
2025-01-09,514.417
2025-01-10,514.772
2025-01-11,515.127
2025-01-12,515.483
2025-01-13,515.839
2025-01-14,516.196
2025-01-15,516.552
2025-01-16,516.909
2025-01-17,517.266
2025-01-18,517.623
2025-01-19,517.981
2025-01-20,518.338
2025-01-21,518.696
2025-01-22,519.055
2025-01-23,519.413
2025-01-24,519.772
2025-01-25,520.131
2025-01-26,520.49
2025-01-27,520.85
2025-01-28,521.209
2025-01-29,521.569
2025-01-30,521.93
2025-01-31,522.29
2025-02-01,521.779
2025-02-02,521.269
2025-02-03,520.759
2025-02-04,520.249
2025-02-05,519.74
2025-02-06,519.232
2025-02-07,518.724
2025-02-08,518.216
2025-02-09,517.709
2025-02-10,517.203
2025-02-11,516.697
2025-02-12,516.191
2025-02-13,515.686
2025-02-14,515.182
2025-02-15,514.678
2025-02-16,514.174
2025-02-17,513.671
2025-02-18,513.168
2025-02-19,512.666
2025-02-20,512.165
2025-02-21,511.664
2025-02-22,511.163
2025-02-23,510.663
2025-02-24,510.164
2025-02-25,509.664
2025-02-26,509.166
2025-02-27,508.668
2025-02-28,508.17
2025-03-01,506.854
2025-03-02,505.541
2025-03-03,504.232
2025-03-04,502.926
2025-03-05,501.624
2025-03-06,500.325
2025-03-07,499.029
2025-03-08,497.737
2025-03-09,496.448
2025-03-10,495.162
2025-03-11,493.88
2025-03-12,492.601
2025-03-13,491.325
2025-03-14,490.053
2025-03-15,488.784
2025-03-16,487.518
2025-03-17,486.256
2025-03-18,484.996
2025-03-19,483.74
2025-03-20,482.488
2025-03-21,481.238
2025-03-22,479.992
2025-03-23,478.749
2025-03-24,477.509
2025-03-25,476.273
2025-03-26,475.039
2025-03-27,473.809
2025-03-28,472.582
2025-03-29,471.358
2025-03-30,470.138
2025-03-31,468.92
2025-04-01,469.137
2025-04-02,469.354
2025-04-03,469.571
2025-04-04,469.788
2025-04-05,470.005
2025-04-06,470.223
2025-04-07,470.44
2025-04-08,470.658
2025-04-09,470.875
2025-04-10,471.093
2025-04-11,471.311
2025-04-12,471.529
2025-04-13,471.747
2025-04-14,471.965
2025-04-15,472.184
2025-04-16,472.402
2025-04-17,472.621
2025-04-18,472.839
2025-04-19,473.058
2025-04-20,473.277
2025-04-21,473.495
2025-04-22,473.714
2025-04-23,473.934
2025-04-24,474.153
2025-04-25,474.372
2025-04-26,474.591
2025-04-27,474.811
2025-04-28,475.031
2025-04-29,475.25
2025-04-30,475.47
2025-05-01,476.819
2025-05-02,478.171
2025-05-03,479.528
2025-05-04,480.888
2025-05-05,482.252
2025-05-06,483.62
2025-05-07,484.992
2025-05-08,486.368
2025-05-09,487.747
2025-05-10,489.131
2025-05-11,490.518
2025-05-12,491.91
2025-05-13,493.305
2025-05-14,494.705
2025-05-15,496.108
2025-05-16,497.515
2025-05-17,498.926
2025-05-18,500.342
2025-05-19,501.761
2025-05-20,503.184
2025-05-21,504.612
2025-05-22,506.043
2025-05-23,507.479
2025-05-24,508.918
2025-05-25,510.362
2025-05-26,511.81
2025-05-27,513.261
2025-05-28,514.717
2025-05-29,516.177
2025-05-30,517.642
2025-05-31,519.11
2025-06-01,520.163
2025-06-02,521.218
2025-06-03,522.275
2025-06-04,523.334
2025-06-05,524.395
2025-06-06,525.459
2025-06-07,526.524
2025-06-08,527.592
2025-06-09,528.662
2025-06-10,529.734
2025-06-11,530.809
2025-06-12,531.885
2025-06-13,532.964
2025-06-14,534.045
2025-06-15,535.128
2025-06-16,536.213
2025-06-17,537.301
2025-06-18,538.39
2025-06-19,539.482
2025-06-20,540.576
2025-06-21,541.673
2025-06-22,542.771
2025-06-23,543.872
2025-06-24,544.975
2025-06-25,546.08
2025-06-26,547.188
2025-06-27,548.297
2025-06-28,549.409
2025-06-29,550.524
2025-06-30,551.64
2025-07-01,552.066
2025-07-02,552.493
2025-07-03,552.92
2025-07-04,553.347
2025-07-05,553.775
2025-07-06,554.203
2025-07-07,554.631
2025-07-08,555.06
2025-07-09,555.489
2025-07-10,555.918
2025-07-11,556.348
2025-07-12,556.778
2025-07-13,557.208
2025-07-14,557.638
2025-07-15,558.069
2025-07-16,558.501
2025-07-17,558.932
2025-07-18,559.364
2025-07-19,559.797
2025-07-20,560.229
2025-07-21,560.662
2025-07-22,561.095
2025-07-23,561.529
2025-07-24,561.963
2025-07-25,562.397
2025-07-26,562.832
2025-07-27,563.267
2025-07-28,563.702
2025-07-29,564.138
2025-07-30,564.574
2025-07-31,565.01
2025-08-01,565.195
2025-08-02,565.38
2025-08-03,565.565
2025-08-04,565.75
2025-08-05,565.936
2025-08-06,566.121
2025-08-07,566.306
2025-08-08,566.492
2025-08-09,566.677
2025-08-10,566.863
2025-08-11,567.048
2025-08-12,567.234
2025-08-13,567.42
2025-08-14,567.606
2025-08-15,567.792
2025-08-16,567.977
2025-08-17,568.163
2025-08-18,568.349
2025-08-19,568.536
2025-08-20,568.722
2025-08-21,568.908
2025-08-22,569.094
2025-08-23,569.281
2025-08-24,569.467
2025-08-25,569.654
2025-08-26,569.84
2025-08-27,570.027
2025-08-28,570.213
2025-08-29,570.4
2025-08-30,571.314
2025-08-31,572.228
2025-09-01,573.145
2025-09-02,574.063
2025-09-03,574.982
2025-09-04,575.903
2025-09-05,576.825
2025-09-06,577.749
2025-09-07,578.675
2025-09-08,579.601
2025-09-09,580.53
2025-09-10,581.459
2025-09-11,582.391
2025-09-12,583.323
2025-09-13,584.257
2025-09-14,585.193
2025-09-15,586.13
2025-09-16,587.069
2025-09-17,588.009
2025-09-18,588.951
2025-09-19,589.894
2025-09-20,590.839
2025-09-21,591.785
2025-09-22,592.733
2025-09-23,593.682
2025-09-24,594.633
2025-09-25,595.585
2025-09-26,596.539
2025-09-27,597.495
2025-09-28,598.452
2025-09-29,599.41
2025-09-30,600.37
2025-10-01,601.275
2025-10-02,602.181
2025-10-03,603.089
2025-10-04,603.998
2025-10-05,604.909
2025-10-06,605.821
2025-10-07,606.734
2025-10-08,607.649
2025-10-09,608.565
2025-10-10,609.482
2025-10-11,610.401
2025-10-12,611.321
2025-10-13,612.243
2025-10-14,613.165
2025-10-15,614.09
2025-10-16,615.016
2025-10-17,615.943
2025-10-18,616.871
2025-10-19,617.801
2025-10-20,618.732
2025-10-21,619.665
2025-10-22,620.599
2025-10-23,621.535
2025-10-24,622.472
2025-10-25,623.41
2025-10-26,624.35
2025-10-27,625.291
2025-10-28,626.234
2025-10-29,627.178
2025-10-30,628.123
2025-10-31,629.07
2025-11-01,628.717
2025-11-02,628.363
2025-11-03,628.01
2025-11-04,627.658
2025-11-05,627.305
2025-11-06,626.953
2025-11-07,626.6
2025-11-08,626.249
2025-11-09,625.897
2025-11-10,625.545
2025-11-11,625.194
2025-11-12,624.843
2025-11-13,624.491
2025-11-14,624.141
2025-11-15,623.79
2025-11-16,623.44
2025-11-17,623.089
2025-11-18,622.739
2025-11-19,622.39
2025-11-20,622.04
2025-11-21,621.691
2025-11-22,621.341
2025-11-23,620.992
2025-11-24,620.643
2025-11-25,620.295
2025-11-26,619.946
2025-11-27,619.598
2025-11-28,619.25
2025-11-29,619.1
2025-11-30,618.949
2025-12-01,618.799
2025-12-02,618.649
2025-12-03,618.499
2025-12-04,618.349
2025-12-05,618.199
2025-12-06,618.049
2025-12-07,617.899
2025-12-08,617.749
2025-12-09,617.599
2025-12-10,617.449
2025-12-11,617.299
2025-12-12,617.149
2025-12-13,617
2025-12-14,616.85
2025-12-15,616.7
2025-12-16,616.551
2025-12-17,616.401
2025-12-18,616.251
2025-12-19,616.102
2025-12-20,615.952
2025-12-21,615.803
2025-12-22,615.653
2025-12-23,615.504
2025-12-24,615.355
2025-12-25,615.205
2025-12-26,615.056
2025-12-27,614.907
2025-12-28,614.757
2025-12-29,614.608
2025-12-30,614.459
2025-12-31,614.31
2026-01-01,614.561
2026-01-02,614.811
2026-01-03,615.062
2026-01-04,615.313
2026-01-05,615.564
2026-01-06,615.815
2026-01-07,616.066
2026-01-08,616.317
2026-01-09,616.568
2026-01-10,616.82
2026-01-11,617.071
2026-01-12,617.323
2026-01-13,617.575
2026-01-14,617.826
2026-01-15,618.078
2026-01-16,618.33
2026-01-17,618.583
2026-01-18,618.835
2026-01-19,619.087
2026-01-20,619.34
2026-01-21,619.592
2026-01-22,619.845
2026-01-23,620.098
2026-01-24,620.351
2026-01-25,620.604
2026-01-26,620.857
2026-01-27,621.11
2026-01-28,621.363
2026-01-29,621.617
2026-01-30,621.87
2026-01-31,621.343
2026-02-01,620.817
2026-02-02,620.291
2026-02-03,619.766
2026-02-04,619.241
2026-02-05,618.717
2026-02-06,618.193
2026-02-07,617.669
2026-02-08,617.146
2026-02-09,616.623
2026-02-10,616.101
2026-02-11,615.579
2026-02-12,615.058
2026-02-13,614.537
2026-02-14,614.016
2026-02-15,613.496
2026-02-16,612.977
2026-02-17,612.457
2026-02-18,611.939
2026-02-19,611.42
2026-02-20,610.903
2026-02-21,610.385
2026-02-22,609.868
2026-02-23,609.352
2026-02-24,608.836
2026-02-25,608.32
2026-02-26,607.805
2026-02-27,607.29
2026-02-28,606.326
2026-03-01,605.363
2026-03-02,604.402
2026-03-03,603.442
2026-03-04,602.484
2026-03-05,601.527
2026-03-06,600.572
2026-03-07,599.618
2026-03-08,598.666
2026-03-09,597.716
2026-03-10,596.767
2026-03-11,595.819
2026-03-12,594.873
2026-03-13,593.928
2026-03-14,592.985
2026-03-15,592.044
2026-03-16,591.104
2026-03-17,590.165
2026-03-18,589.228
2026-03-19,588.292
2026-03-20,587.358
2026-03-21,586.425
2026-03-22,585.494
2026-03-23,584.565
2026-03-24,583.636
2026-03-25,582.71
2026-03-26,581.784
2026-03-27,580.861
2026-03-28,579.938
2026-03-29,579.017
2026-03-30,578.098
2026-03-31,577.18
2026-04-01,579.991
2026-04-02,582.815
2026-04-03,585.654
2026-04-04,588.506
2026-04-05,591.372
2026-04-06,594.252
2026-04-07,597.146
2026-04-08,600.054
2026-04-09,602.976
2026-04-10,605.913
2026-04-11,608.863
2026-04-12,611.829
2026-04-13,614.808
2026-04-14,617.802
2026-04-15,620.811
2026-04-16,623.834
2026-04-17,626.872
2026-04-18,629.925
2026-04-19,632.993
2026-04-20,636.076
2026-04-21,639.173
2026-04-22,642.286
2026-04-23,645.414
2026-04-24,648.557
2026-04-25,651.715
2026-04-26,654.889
2026-04-27,658.079
2026-04-28,661.283
2026-04-29,664.504
2026-04-30,667.74
2026-05-01,670.057
2026-05-02,672.383
2026-05-03,674.716
2026-05-04,677.057
2026-05-05,679.407
2026-05-06,681.765
2026-05-07,684.131
2026-05-08,686.505
2026-05-09,688.887
2026-05-10,691.278
2026-05-11,693.677
2026-05-12,696.084
2026-05-13,698.5
2026-05-14,700.924
2026-05-15,703.356
2026-05-16,705.797
2026-05-17,708.246
2026-05-18,710.704
2026-05-19,713.171
2026-05-20,715.646
2026-05-21,718.129
2026-05-22,720.621
2026-05-23,723.122
2026-05-24,725.631
2026-05-25,728.15
2026-05-26,730.677
2026-05-27,733.212
2026-05-28,735.757
2026-05-29,738.31
2026-05-30,733.466
2026-05-31,728.653
2026-06-01,723.872
2026-06-02,719.123
2026-06-03,714.404
2026-06-04,709.717
2026-06-05,705.06
2026-06-06,706.288
2026-06-07,707.517
2026-06-08,708.749
2026-06-09,709.983
2026-06-10,711.219
2026-06-11,712.458
2026-06-12,713.698
2026-06-13,714.941
2026-06-14,716.186
2026-06-15,717.433
2026-06-16,718.682
2026-06-17,719.933
2026-06-18,721.187
2026-06-19,722.442
2026-06-20,723.7
2026-06-21,724.96
2026-06-22,726.223
2026-06-23,727.487
2026-06-24,728.754
2026-06-25,730.022
2026-06-26,731.294
2026-06-27,732.567
2026-06-28,733.842
2026-06-29,735.12
2026-06-30,736.4
2026-07-01,734.786
2026-07-02,733.176
2026-07-03,731.57
2026-07-04,729.967
2026-07-05,728.368
2026-07-06,726.772
2026-07-07,725.179
2026-07-08,723.59
2026-07-09,722.005
2026-07-10,720.423
2026-07-11,718.844
2026-07-12,717.269
2026-07-13,715.698
2026-07-14,714.129
2026-07-15,712.565
2026-07-16,711.003
2026-07-17,709.445
2026-07-18,707.891
2026-07-19,706.34
2026-07-20,704.792
2026-07-21,703.248
2026-07-22,701.707
2026-07-23,700.17
2026-07-24,698.635
2026-07-25,697.105
2026-07-26,695.577
2026-07-27,694.053
2026-07-28,692.532
2026-07-29,691.015
2026-07-30,689.501
2026-07-31,687.99
2026-08-01,688.9
2026-08-02,689.811
2026-08-03,690.723
2026-08-04,691.636
2026-08-05,692.551
2026-08-06,693.467
2026-08-07,694.384
2026-08-08,695.302
2026-08-09,696.222
2026-08-10,697.142
2026-08-11,698.064
2026-08-12,698.987
2026-08-13,699.912
2026-08-14,700.837
2026-08-15,701.764
2026-08-16,702.692
2026-08-17,703.621
2026-08-18,704.552
2026-08-19,705.483
2026-08-20,706.416
2026-08-21,707.35
2026-08-22,708.286
2026-08-23,709.222
2026-08-24,710.16
2026-08-25,711.099
2026-08-26,712.04
2026-08-27,712.981
2026-08-28,713.924
2026-08-29,714.868
2026-08-30,715.813
2026-08-31,716.76
2026-09-01,717.849
2026-09-02,718.941
2026-09-03,720.033
2026-09-04,721.128
2026-09-05,722.224
2026-09-06,723.322
2026-09-07,724.421
2026-09-08,725.522
2026-09-09,726.625
2026-09-10,727.73
2026-09-11,728.836
2026-09-12,729.944
2026-09-13,731.053
2026-09-14,732.165
2026-09-15,733.277
2026-09-16,734.392
2026-09-17,735.508
2026-09-18,736.626
2026-09-19,737.746
2026-09-20,738.867
2026-09-21,739.991
2026-09-22,741.115
2026-09-23,742.242
2026-09-24,743.37
2026-09-25,744.5
2026-09-28,736.53
2026-09-29,737.93
2026-09-30,739.77
2026-10-01,742.03
